--
-- PostgreSQL database dump
--

-- Dumped from database version 9.3.5
-- Dumped by pg_dump version 9.3.5
-- Started on 2015-03-30 22:44:54 COT

SET statement_timeout = 0;
SET lock_timeout = 0;
SET client_encoding = 'UTF8';
SET standard_conforming_strings = on;
SET check_function_bodies = false;
SET client_min_messages = warning;

--
-- TOC entry 6 (class 2615 OID 118500)
-- Name: dmes; Type: SCHEMA; Schema: -; Owner: sipPrueba
--

CREATE SCHEMA dmes;


ALTER SCHEMA dmes OWNER TO "sipPrueba";

--
-- TOC entry 253 (class 3079 OID 11829)
-- Name: plpgsql; Type: EXTENSION; Schema: -; Owner: 
--

CREATE EXTENSION IF NOT EXISTS plpgsql WITH SCHEMA pg_catalog;


--
-- TOC entry 2521 (class 0 OID 0)
-- Dependencies: 253
-- Name: EXTENSION plpgsql; Type: COMMENT; Schema: -; Owner: 
--

COMMENT ON EXTENSION plpgsql IS 'PL/pgSQL procedural language';


SET search_path = dmes, pg_catalog;

SET default_tablespace = '';

SET default_with_oids = false;

--
-- TOC entry 170 (class 1259 OID 118501)
-- Name: sc_class_type; Type: TABLE; Schema: dmes; Owner: sipPrueba; Tablespace: 
--

CREATE TABLE sc_class_type (
    id_class_type numeric(18,0) NOT NULL,
    class_type character varying(100) NOT NULL,
    creation_date date NOT NULL,
    modify_date date NOT NULL
);


ALTER TABLE dmes.sc_class_type OWNER TO "sipPrueba";

--
-- TOC entry 171 (class 1259 OID 118504)
-- Name: sc_competencies; Type: TABLE; Schema: dmes; Owner: sipPrueba; Tablespace: 
--

CREATE TABLE sc_competencies (
    id_competencies numeric(18,0) NOT NULL,
    tittle character varying(100) NOT NULL,
    description character varying(2000),
    id_employee numeric(18,0) NOT NULL
);


ALTER TABLE dmes.sc_competencies OWNER TO "sipPrueba";

--
-- TOC entry 172 (class 1259 OID 118510)
-- Name: sc_constants_load_files; Type: TABLE; Schema: dmes; Owner: sipPrueba; Tablespace: 
--

CREATE TABLE sc_constants_load_files (
    id_constants_load_file numeric(18,0) NOT NULL,
    max_size_file numeric(18,0) NOT NULL,
    extension character varying(2000) NOT NULL,
    path character varying(2000)
);


ALTER TABLE dmes.sc_constants_load_files OWNER TO "sipPrueba";

--
-- TOC entry 173 (class 1259 OID 118516)
-- Name: sc_cost_center; Type: TABLE; Schema: dmes; Owner: sipPrueba; Tablespace: 
--

CREATE TABLE sc_cost_center (
    id_cost_center numeric(18,0) NOT NULL,
    description character varying(100) NOT NULL,
    cost_center character varying(100) NOT NULL,
    creation_date date NOT NULL,
    modify_date date
);


ALTER TABLE dmes.sc_cost_center OWNER TO "sipPrueba";

--
-- TOC entry 174 (class 1259 OID 118519)
-- Name: sc_distribution_unit; Type: TABLE; Schema: dmes; Owner: sipPrueba; Tablespace: 
--

CREATE TABLE sc_distribution_unit (
    id_distribution_unit numeric(18,0) NOT NULL,
    acronym character varying(20) NOT NULL,
    description character varying(200)
);


ALTER TABLE dmes.sc_distribution_unit OWNER TO "sipPrueba";

--
-- TOC entry 175 (class 1259 OID 118522)
-- Name: sc_documents; Type: TABLE; Schema: dmes; Owner: sipPrueba; Tablespace: 
--

CREATE TABLE sc_documents (
    id_document numeric(18,0) NOT NULL,
    document_path character varying(200) NOT NULL,
    document_tittle character varying(2000) NOT NULL,
    creation_date date NOT NULL,
    document_name character varying(2000) NOT NULL,
    id_person numeric(18,0) NOT NULL,
    upload_by character varying(2000) NOT NULL,
    type_document character varying(200)
);


ALTER TABLE dmes.sc_documents OWNER TO "sipPrueba";

--
-- TOC entry 176 (class 1259 OID 118528)
-- Name: sc_employee; Type: TABLE; Schema: dmes; Owner: sipPrueba; Tablespace: 
--

CREATE TABLE sc_employee (
    id_employee numeric(18,0) NOT NULL,
    "position" character varying(100) NOT NULL,
    formation character varying(100) NOT NULL,
    admission_date date NOT NULL,
    retirement_date date,
    active character(1) NOT NULL,
    salary numeric(18,2),
    hour_value numeric(18,2),
    porcentage numeric(18,2),
    amount numeric(18,2),
    creation_date date NOT NULL,
    modify_date date,
    id_person numeric(18,0) NOT NULL
);


ALTER TABLE dmes.sc_employee OWNER TO "sipPrueba";

--
-- TOC entry 177 (class 1259 OID 118531)
-- Name: sc_input; Type: TABLE; Schema: dmes; Owner: sipPrueba; Tablespace: 
--

CREATE TABLE sc_input (
    id_input numeric(18,0) NOT NULL,
    type_material character varying(200) NOT NULL,
    expiry_date date,
    supplier_guarantee numeric(18,0) NOT NULL,
    mark character varying(200) NOT NULL,
    value numeric(18,0) NOT NULL,
    path_picture character varying(2000),
    cost_center numeric(18,0) NOT NULL,
    serie character varying(2000) NOT NULL,
    creation_date date NOT NULL,
    description character varying(200) NOT NULL,
    id_input_stock numeric(18,0) NOT NULL,
    id_input_location numeric(18,0),
    id_priority numeric(18,0) NOT NULL,
    id_input_dimension numeric(18,0),
    id_packing numeric(18,0),
    id_money numeric(18,0),
    total_amount_distribution numeric(18,0),
    id_distribution_unit numeric(18,0),
    distribution_amount numeric(18,0),
    distribution_value numeric(18,2)
);


ALTER TABLE dmes.sc_input OWNER TO "sipPrueba";

--
-- TOC entry 178 (class 1259 OID 118537)
-- Name: sc_input_dimension; Type: TABLE; Schema: dmes; Owner: sipPrueba; Tablespace: 
--

CREATE TABLE sc_input_dimension (
    id_input_dimension numeric(18,0) NOT NULL,
    hight character varying(100),
    width character varying(100),
    large character varying(100),
    weight character varying(100),
    volume character varying(100),
    thickness character varying(100),
    radio character varying(100),
    observations character varying(2000)
);


ALTER TABLE dmes.sc_input_dimension OWNER TO "sipPrueba";

--
-- TOC entry 179 (class 1259 OID 118543)
-- Name: sc_input_documents; Type: TABLE; Schema: dmes; Owner: sipPrueba; Tablespace: 
--

CREATE TABLE sc_input_documents (
    id_input_documents numeric(18,0) NOT NULL,
    document_path character varying(200) NOT NULL,
    document_tittle character varying(200),
    creation_date date NOT NULL,
    document_name character varying(200),
    upload_by character varying(50) NOT NULL,
    type_document character varying(200) NOT NULL,
    id_input numeric(18,0) NOT NULL
);


ALTER TABLE dmes.sc_input_documents OWNER TO "sipPrueba";

--
-- TOC entry 180 (class 1259 OID 118549)
-- Name: sc_input_equivalence; Type: TABLE; Schema: dmes; Owner: sipPrueba; Tablespace: 
--

CREATE TABLE sc_input_equivalence (
    id_input_equivalence numeric(18,0) NOT NULL,
    id_input numeric(18,0) NOT NULL,
    id_input_referenced numeric(18,0) NOT NULL
);


ALTER TABLE dmes.sc_input_equivalence OWNER TO "sipPrueba";

--
-- TOC entry 181 (class 1259 OID 118552)
-- Name: sc_input_feactures; Type: TABLE; Schema: dmes; Owner: sipPrueba; Tablespace: 
--

CREATE TABLE sc_input_feactures (
    id_input_feactures numeric(18,0) NOT NULL,
    tittle character varying(200) NOT NULL,
    description character varying(2000) NOT NULL,
    id_input numeric(18,0) NOT NULL
);


ALTER TABLE dmes.sc_input_feactures OWNER TO "sipPrueba";

--
-- TOC entry 182 (class 1259 OID 118558)
-- Name: sc_input_location; Type: TABLE; Schema: dmes; Owner: sipPrueba; Tablespace: 
--

CREATE TABLE sc_input_location (
    id_input_location numeric(18,0) NOT NULL,
    location character varying(200) NOT NULL,
    description character varying(2000)
);


ALTER TABLE dmes.sc_input_location OWNER TO "sipPrueba";

--
-- TOC entry 183 (class 1259 OID 118564)
-- Name: sc_input_observations; Type: TABLE; Schema: dmes; Owner: sipPrueba; Tablespace: 
--

CREATE TABLE sc_input_observations (
    id_input_observation numeric(18,0) NOT NULL,
    tittle character varying(200) NOT NULL,
    description character varying(2000) NOT NULL,
    id_input numeric(18,0) NOT NULL
);


ALTER TABLE dmes.sc_input_observations OWNER TO "sipPrueba";

--
-- TOC entry 184 (class 1259 OID 118570)
-- Name: sc_input_specifications; Type: TABLE; Schema: dmes; Owner: sipPrueba; Tablespace: 
--

CREATE TABLE sc_input_specifications (
    id_input_specifications numeric(18,0) NOT NULL,
    description character varying(2000) NOT NULL,
    tittle character varying(200) NOT NULL,
    creation_date date NOT NULL,
    id_input numeric(18,0) NOT NULL
);


ALTER TABLE dmes.sc_input_specifications OWNER TO "sipPrueba";

--
-- TOC entry 185 (class 1259 OID 118576)
-- Name: sc_input_stock; Type: TABLE; Schema: dmes; Owner: sipPrueba; Tablespace: 
--

CREATE TABLE sc_input_stock (
    id_input_stock numeric(18,0) NOT NULL,
    maxime_stock numeric(18,0) NOT NULL,
    minime_stock numeric(18,0) NOT NULL,
    current_stock numeric(18,0) NOT NULL,
    price_unit numeric(18,0) NOT NULL,
    total_value numeric(18,0) NOT NULL,
    id_store numeric(18,0) NOT NULL,
    optime_stock numeric(18,0) NOT NULL
);


ALTER TABLE dmes.sc_input_stock OWNER TO "sipPrueba";

--
-- TOC entry 186 (class 1259 OID 118579)
-- Name: sc_machine; Type: TABLE; Schema: dmes; Owner: sipPrueba; Tablespace: 
--

CREATE TABLE sc_machine (
    id_machine numeric(18,0) NOT NULL,
    machine character varying(100) NOT NULL,
    id_type_cost numeric(18,0) NOT NULL,
    id_type_classification numeric(18,0) NOT NULL,
    cost numeric(18,2) NOT NULL,
    location character varying(100) NOT NULL,
    comments character varying(2000) NOT NULL,
    modify_date date,
    creation_date date NOT NULL,
    machine_type character varying(100) NOT NULL,
    brand character varying(100) NOT NULL,
    series character varying(100) NOT NULL,
    lifespan numeric(18,0) NOT NULL,
    id_type_priority numeric(18,0) NOT NULL,
    id_type_lifespan numeric(18,0) NOT NULL,
    id_cost_center numeric(18,0) NOT NULL,
    id_partner numeric(18,0) NOT NULL,
    weight numeric(18,0) NOT NULL,
    id_type_weight numeric(18,0) NOT NULL,
    high numeric(18,0) NOT NULL,
    id_type_high numeric(18,0) NOT NULL,
    potential numeric(18,0) NOT NULL,
    id_type_potential numeric(18,0) NOT NULL,
    id_type_width numeric(18,0) NOT NULL,
    width numeric(18,0) NOT NULL,
    long_machine numeric(18,0) NOT NULL,
    id_type_long numeric(18,0) NOT NULL,
    voltage numeric(18,0) NOT NULL,
    id_type_voltage numeric(18,0) NOT NULL,
    current_machine numeric(18,0) NOT NULL,
    id_type_current numeric(18,0) NOT NULL,
    dimensions_observation character varying(2000) NOT NULL,
    notes_custom_field character varying(2000) NOT NULL,
    id_machine_father numeric(18,0)
);


ALTER TABLE dmes.sc_machine OWNER TO "sipPrueba";

--
-- TOC entry 187 (class 1259 OID 118585)
-- Name: sc_mails; Type: TABLE; Schema: dmes; Owner: sipPrueba; Tablespace: 
--

CREATE TABLE sc_mails (
    id_mail numeric(18,0) NOT NULL,
    mail character varying(100) NOT NULL,
    description character varying(100),
    id_person numeric(18,0) NOT NULL
);


ALTER TABLE dmes.sc_mails OWNER TO "sipPrueba";

--
-- TOC entry 188 (class 1259 OID 118588)
-- Name: sc_maintenance_plan; Type: TABLE; Schema: dmes; Owner: sipPrueba; Tablespace: 
--

CREATE TABLE sc_maintenance_plan (
    id_maintenance_plan numeric(18,0) NOT NULL,
    maintenance_plan character varying(100) NOT NULL,
    id_type_maintenance numeric(18,0) NOT NULL,
    id_type_hand_work_classification numeric(18,0) NOT NULL,
    id_type_priority numeric(18,0) NOT NULL,
    frequency numeric(18,0) NOT NULL,
    id_type_frequency numeric(18,0) NOT NULL,
    duration date NOT NULL,
    id_machine numeric(18,0) NOT NULL,
    activity character varying(200) NOT NULL,
    programing_date date NOT NULL,
    id_type_downtime numeric(18,0),
    id_type_unit_unemployment numeric(18,0),
    id_tool numeric(18,0) NOT NULL,
    id_parts_and_consumables numeric(18,0) NOT NULL,
    creation_date date NOT NULL,
    modify_date date
);


ALTER TABLE dmes.sc_maintenance_plan OWNER TO "sipPrueba";

--
-- TOC entry 189 (class 1259 OID 118591)
-- Name: sc_measure_unit; Type: TABLE; Schema: dmes; Owner: sipPrueba; Tablespace: 
--

CREATE TABLE sc_measure_unit (
    id_measure numeric(18,0) NOT NULL,
    acronym character varying(20),
    type character varying(200) NOT NULL
);


ALTER TABLE dmes.sc_measure_unit OWNER TO "sipPrueba";

--
-- TOC entry 190 (class 1259 OID 118594)
-- Name: sc_module_permission; Type: TABLE; Schema: dmes; Owner: sipPrueba; Tablespace: 
--

CREATE TABLE sc_module_permission (
    id_module_permission numeric(18,0) NOT NULL,
    name character varying(100) NOT NULL,
    description character varying(2000),
    icone character varying(2000),
    type character varying(50),
    id_father numeric(18,0),
    page character varying(50)
);


ALTER TABLE dmes.sc_module_permission OWNER TO "sipPrueba";

--
-- TOC entry 191 (class 1259 OID 118600)
-- Name: sc_module_permission_by_role; Type: TABLE; Schema: dmes; Owner: sipPrueba; Tablespace: 
--

CREATE TABLE sc_module_permission_by_role (
    id_module_permission_by_role numeric(18,0) NOT NULL,
    id_role numeric(18,0) NOT NULL,
    id_type character varying(5),
    id_module_permission numeric(18,0) NOT NULL
);


ALTER TABLE dmes.sc_module_permission_by_role OWNER TO "sipPrueba";

--
-- TOC entry 192 (class 1259 OID 118603)
-- Name: sc_money; Type: TABLE; Schema: dmes; Owner: sipPrueba; Tablespace: 
--

CREATE TABLE sc_money (
    id_money numeric(18,0) NOT NULL,
    description character varying(50),
    acronym character varying(2)
);


ALTER TABLE dmes.sc_money OWNER TO "sipPrueba";

--
-- TOC entry 193 (class 1259 OID 118606)
-- Name: sc_operating_conditions; Type: TABLE; Schema: dmes; Owner: sipPrueba; Tablespace: 
--

CREATE TABLE sc_operating_conditions (
    id_operating_condition numeric(18,0) NOT NULL,
    internal character varying(2000) NOT NULL,
    external character varying(2000) NOT NULL,
    observations character varying(2000) NOT NULL,
    creation_date date NOT NULL,
    modify_date date,
    id_machine numeric(18,0) NOT NULL
);


ALTER TABLE dmes.sc_operating_conditions OWNER TO "sipPrueba";

--
-- TOC entry 194 (class 1259 OID 118612)
-- Name: sc_packing_unit; Type: TABLE; Schema: dmes; Owner: sipPrueba; Tablespace: 
--

CREATE TABLE sc_packing_unit (
    id_packing numeric(18,0) NOT NULL,
    description character varying(200),
    acronym character varying(20) NOT NULL
);


ALTER TABLE dmes.sc_packing_unit OWNER TO "sipPrueba";

--
-- TOC entry 195 (class 1259 OID 118615)
-- Name: sc_partner; Type: TABLE; Schema: dmes; Owner: sipPrueba; Tablespace: 
--

CREATE TABLE sc_partner (
    id_partner numeric(18,0) NOT NULL,
    active character varying(1) NOT NULL,
    "position" character varying(100) NOT NULL,
    web_page character varying(100),
    creation_date date NOT NULL,
    modify_date date,
    id_person numeric(18,0) NOT NULL,
    company_name character varying(100) NOT NULL
);


ALTER TABLE dmes.sc_partner OWNER TO "sipPrueba";

--
-- TOC entry 196 (class 1259 OID 118618)
-- Name: sc_parts_and_consumables; Type: TABLE; Schema: dmes; Owner: sipPrueba; Tablespace: 
--

CREATE TABLE sc_parts_and_consumables (
    id_parts_and_consumables numeric(18,0) NOT NULL,
    parts_and_consumables character varying(100) NOT NULL,
    creation_date date NOT NULL,
    modify_date date,
    id_type numeric(18,0) NOT NULL
);


ALTER TABLE dmes.sc_parts_and_consumables OWNER TO "sipPrueba";

--
-- TOC entry 197 (class 1259 OID 118621)
-- Name: sc_person; Type: TABLE; Schema: dmes; Owner: sipPrueba; Tablespace: 
--

CREATE TABLE sc_person (
    id_person numeric(18,0) NOT NULL,
    first_name character varying(100) NOT NULL,
    last_name character varying(100) NOT NULL,
    age numeric(3,0) NOT NULL,
    country character varying(100) NOT NULL,
    city character varying(100) NOT NULL,
    personal_information character varying(2000),
    domicilie character varying(100) NOT NULL,
    studies character varying(2000),
    description character varying(2000),
    path_photo character varying NOT NULL,
    creation_date date NOT NULL,
    modify_date date,
    identification numeric(18,0) NOT NULL
);


ALTER TABLE dmes.sc_person OWNER TO "sipPrueba";

--
-- TOC entry 198 (class 1259 OID 118627)
-- Name: sc_person_observations; Type: TABLE; Schema: dmes; Owner: sipPrueba; Tablespace: 
--

CREATE TABLE sc_person_observations (
    id_person_observations numeric(18,0) NOT NULL,
    tittle character varying(200) NOT NULL,
    observation character varying(2000) NOT NULL,
    id_person numeric(18,0) NOT NULL
);


ALTER TABLE dmes.sc_person_observations OWNER TO "sipPrueba";

--
-- TOC entry 199 (class 1259 OID 118633)
-- Name: sc_person_specifications; Type: TABLE; Schema: dmes; Owner: sipPrueba; Tablespace: 
--

CREATE TABLE sc_person_specifications (
    id_person_specifications numeric(18,0) NOT NULL,
    tittle character varying(200) NOT NULL,
    specification character varying(2000) NOT NULL,
    id_person numeric(18,0) NOT NULL
);


ALTER TABLE dmes.sc_person_specifications OWNER TO "sipPrueba";

--
-- TOC entry 200 (class 1259 OID 118639)
-- Name: sc_phones; Type: TABLE; Schema: dmes; Owner: sipPrueba; Tablespace: 
--

CREATE TABLE sc_phones (
    id_phone numeric(18,0) NOT NULL,
    number_phone numeric(18,0) NOT NULL,
    description character varying(100),
    id_person numeric(18,0) NOT NULL
);


ALTER TABLE dmes.sc_phones OWNER TO "sipPrueba";

--
-- TOC entry 201 (class 1259 OID 118642)
-- Name: sc_photo; Type: TABLE; Schema: dmes; Owner: sipPrueba; Tablespace: 
--

CREATE TABLE sc_photo (
    id_photo numeric(18,0) NOT NULL,
    photo_name bit varying(100) NOT NULL,
    photo_path character varying(200) NOT NULL,
    comments character varying(2000),
    creation_date date NOT NULL,
    modify_date date,
    id_machine numeric(18,0)
);


ALTER TABLE dmes.sc_photo OWNER TO "sipPrueba";

--
-- TOC entry 202 (class 1259 OID 118648)
-- Name: sc_priority; Type: TABLE; Schema: dmes; Owner: sipPrueba; Tablespace: 
--

CREATE TABLE sc_priority (
    id_priority numeric(18,0) NOT NULL,
    name character varying(200) NOT NULL,
    description character varying(200)
);


ALTER TABLE dmes.sc_priority OWNER TO "sipPrueba";

--
-- TOC entry 251 (class 1259 OID 126730)
-- Name: sc_product_attached; Type: TABLE; Schema: dmes; Owner: sipPrueba; Tablespace: 
--

CREATE TABLE sc_product_attached (
    id_product_attached numeric(18,0) NOT NULL,
    type character varying(200) NOT NULL,
    tittle character varying(200) NOT NULL,
    description character varying(2000) NOT NULL,
    id_product_formulation numeric(18,0) NOT NULL
);


ALTER TABLE dmes.sc_product_attached OWNER TO "sipPrueba";

--
-- TOC entry 248 (class 1259 OID 126687)
-- Name: sc_product_formulation; Type: TABLE; Schema: dmes; Owner: sipPrueba; Tablespace: 
--

CREATE TABLE sc_product_formulation (
    id_product_formulation numeric(18,0) NOT NULL,
    picture_path character varying(200),
    product_type character varying(200) NOT NULL,
    mark character varying(200) NOT NULL,
    serie character varying(200) NOT NULL,
    id_packing numeric(18,0) NOT NULL,
    expiry_date date,
    creation_date date NOT NULL,
    id_priority numeric(18,0) NOT NULL,
    id_cost_center numeric(18,0) NOT NULL,
    value numeric(18,0) NOT NULL,
    id_money numeric(18,0) NOT NULL,
    id_partner numeric(18,0) NOT NULL,
    id_localization numeric(18,0) NOT NULL,
    manufacturing_time numeric(18,0) NOT NULL
);


ALTER TABLE dmes.sc_product_formulation OWNER TO "sipPrueba";

--
-- TOC entry 2522 (class 0 OID 0)
-- Dependencies: 248
-- Name: COLUMN sc_product_formulation.id_priority; Type: COMMENT; Schema: dmes; Owner: sipPrueba
--

COMMENT ON COLUMN sc_product_formulation.id_priority IS '
';


--
-- TOC entry 2523 (class 0 OID 0)
-- Dependencies: 248
-- Name: COLUMN sc_product_formulation.id_partner; Type: COMMENT; Schema: dmes; Owner: sipPrueba
--

COMMENT ON COLUMN sc_product_formulation.id_partner IS '
 ';


--
-- TOC entry 249 (class 1259 OID 126720)
-- Name: sc_product_localization; Type: TABLE; Schema: dmes; Owner: sipPrueba; Tablespace: 
--

CREATE TABLE sc_product_localization (
    id_product_localization numeric(18,0) NOT NULL,
    localization character varying(200) NOT NULL,
    description character varying(2000)
);


ALTER TABLE dmes.sc_product_localization OWNER TO "sipPrueba";

--
-- TOC entry 203 (class 1259 OID 118651)
-- Name: sc_roles; Type: TABLE; Schema: dmes; Owner: sipPrueba; Tablespace: 
--

CREATE TABLE sc_roles (
    id_role numeric(18,0) NOT NULL,
    name character varying(100) NOT NULL,
    description character varying(2000),
    creation_date date NOT NULL,
    modify_date date
);


ALTER TABLE dmes.sc_roles OWNER TO "sipPrueba";

--
-- TOC entry 204 (class 1259 OID 118657)
-- Name: sc_services_or_products; Type: TABLE; Schema: dmes; Owner: sipPrueba; Tablespace: 
--

CREATE TABLE sc_services_or_products (
    id_service_or_products numeric(18,0) NOT NULL,
    name_service_or_product character varying(100) NOT NULL,
    cost numeric(18,2) NOT NULL,
    guarantee character varying(2000),
    description character varying(2000),
    amount numeric(18,0) NOT NULL,
    id_partner numeric(18,0) NOT NULL,
    type character varying(100) NOT NULL
);


ALTER TABLE dmes.sc_services_or_products OWNER TO "sipPrueba";

--
-- TOC entry 205 (class 1259 OID 118663)
-- Name: sc_store; Type: TABLE; Schema: dmes; Owner: sipPrueba; Tablespace: 
--

CREATE TABLE sc_store (
    id_store numeric(18,0) NOT NULL,
    name character varying(2000) NOT NULL
);


ALTER TABLE dmes.sc_store OWNER TO "sipPrueba";

--
-- TOC entry 206 (class 1259 OID 118669)
-- Name: sc_tools; Type: TABLE; Schema: dmes; Owner: sipPrueba; Tablespace: 
--

CREATE TABLE sc_tools (
    id_tool numeric(18,0) NOT NULL,
    tool character varying(100) NOT NULL,
    creation_date date NOT NULL,
    modify_date date,
    id_type numeric(18,0) NOT NULL
);


ALTER TABLE dmes.sc_tools OWNER TO "sipPrueba";

--
-- TOC entry 207 (class 1259 OID 118672)
-- Name: sc_type; Type: TABLE; Schema: dmes; Owner: sipPrueba; Tablespace: 
--

CREATE TABLE sc_type (
    id_type numeric(18,0) NOT NULL,
    type character varying(100) NOT NULL,
    id_class_type numeric(18,0) NOT NULL,
    creation_date date NOT NULL,
    modify_date date NOT NULL
);


ALTER TABLE dmes.sc_type OWNER TO "sipPrueba";

--
-- TOC entry 208 (class 1259 OID 118675)
-- Name: sc_users; Type: TABLE; Schema: dmes; Owner: sipPrueba; Tablespace: 
--

CREATE TABLE sc_users (
    id_user numeric(18,0) NOT NULL,
    id_person numeric(18,0) NOT NULL,
    id_role numeric(18,0) NOT NULL,
    login character varying(100) NOT NULL,
    password character varying(100) NOT NULL,
    creation_date date NOT NULL,
    modify_date date
);


ALTER TABLE dmes.sc_users OWNER TO "sipPrueba";

--
-- TOC entry 209 (class 1259 OID 118678)
-- Name: sc_work_experience; Type: TABLE; Schema: dmes; Owner: sipPrueba; Tablespace: 
--

CREATE TABLE sc_work_experience (
    id_work_experience numeric(18,0) NOT NULL,
    init_date date NOT NULL,
    end_date date NOT NULL,
    id_employee numeric(18,0) NOT NULL,
    company_name character varying(100) NOT NULL
);


ALTER TABLE dmes.sc_work_experience OWNER TO "sipPrueba";

--
-- TOC entry 210 (class 1259 OID 118681)
-- Name: sqclasstype; Type: SEQUENCE; Schema: dmes; Owner: sipPrueba
--

CREATE SEQUENCE sqclasstype
    START WITH 1
    INCREMENT BY 1
    NO MINVALUE
    MAXVALUE 111111111111111111
    CACHE 1;


ALTER TABLE dmes.sqclasstype OWNER TO "sipPrueba";

--
-- TOC entry 211 (class 1259 OID 118683)
-- Name: sqmachine; Type: SEQUENCE; Schema: dmes; Owner: sipPrueba
--

CREATE SEQUENCE sqmachine
    START WITH 1
    INCREMENT BY 1
    NO MINVALUE
    MAXVALUE 111111111111111111
    CACHE 1;


ALTER TABLE dmes.sqmachine OWNER TO "sipPrueba";

--
-- TOC entry 212 (class 1259 OID 118685)
-- Name: sqsccompetencies; Type: SEQUENCE; Schema: dmes; Owner: sipPrueba
--

CREATE SEQUENCE sqsccompetencies
    START WITH 1
    INCREMENT BY 1
    NO MINVALUE
    MAXVALUE 11111111111111111
    CACHE 1;


ALTER TABLE dmes.sqsccompetencies OWNER TO "sipPrueba";

--
-- TOC entry 213 (class 1259 OID 118687)
-- Name: sqsccostcenter; Type: SEQUENCE; Schema: dmes; Owner: sipPrueba
--

CREATE SEQUENCE sqsccostcenter
    START WITH 1
    INCREMENT BY 1
    NO MINVALUE
    MAXVALUE 111111111111111111
    CACHE 1;


ALTER TABLE dmes.sqsccostcenter OWNER TO "sipPrueba";

--
-- TOC entry 214 (class 1259 OID 118689)
-- Name: sqscdistributionunit; Type: SEQUENCE; Schema: dmes; Owner: sipPrueba
--

CREATE SEQUENCE sqscdistributionunit
    START WITH 1
    INCREMENT BY 1
    NO MINVALUE
    MAXVALUE 111111111111111111
    CACHE 1;


ALTER TABLE dmes.sqscdistributionunit OWNER TO "sipPrueba";

--
-- TOC entry 215 (class 1259 OID 118691)
-- Name: sqscdocuments; Type: SEQUENCE; Schema: dmes; Owner: sipPrueba
--

CREATE SEQUENCE sqscdocuments
    START WITH 1
    INCREMENT BY 1
    NO MINVALUE
    MAXVALUE 111111111111111111
    CACHE 1;


ALTER TABLE dmes.sqscdocuments OWNER TO "sipPrueba";

--
-- TOC entry 216 (class 1259 OID 118693)
-- Name: sqscemployee; Type: SEQUENCE; Schema: dmes; Owner: sipPrueba
--

CREATE SEQUENCE sqscemployee
    START WITH 1
    INCREMENT BY 1
    NO MINVALUE
    MAXVALUE 11111111111111111
    CACHE 1;


ALTER TABLE dmes.sqscemployee OWNER TO "sipPrueba";

--
-- TOC entry 217 (class 1259 OID 118695)
-- Name: sqscinput; Type: SEQUENCE; Schema: dmes; Owner: sipPrueba
--

CREATE SEQUENCE sqscinput
    START WITH 1
    INCREMENT BY 1
    NO MINVALUE
    MAXVALUE 111111111111111111
    CACHE 1;


ALTER TABLE dmes.sqscinput OWNER TO "sipPrueba";

--
-- TOC entry 218 (class 1259 OID 118697)
-- Name: sqscinputdimension; Type: SEQUENCE; Schema: dmes; Owner: sipPrueba
--

CREATE SEQUENCE sqscinputdimension
    START WITH 1
    INCREMENT BY 1
    NO MINVALUE
    MAXVALUE 111111111111111111
    CACHE 1;


ALTER TABLE dmes.sqscinputdimension OWNER TO "sipPrueba";

--
-- TOC entry 219 (class 1259 OID 118699)
-- Name: sqscinputdocuments; Type: SEQUENCE; Schema: dmes; Owner: sipPrueba
--

CREATE SEQUENCE sqscinputdocuments
    START WITH 1
    INCREMENT BY 1
    NO MINVALUE
    MAXVALUE 111111111111111111
    CACHE 1;


ALTER TABLE dmes.sqscinputdocuments OWNER TO "sipPrueba";

--
-- TOC entry 220 (class 1259 OID 118701)
-- Name: sqscinputequivalence; Type: SEQUENCE; Schema: dmes; Owner: sipPrueba
--

CREATE SEQUENCE sqscinputequivalence
    START WITH 1
    INCREMENT BY 1
    NO MINVALUE
    MAXVALUE 111111111111111111
    CACHE 1;


ALTER TABLE dmes.sqscinputequivalence OWNER TO "sipPrueba";

--
-- TOC entry 221 (class 1259 OID 118703)
-- Name: sqscinputfeature; Type: SEQUENCE; Schema: dmes; Owner: sipPrueba
--

CREATE SEQUENCE sqscinputfeature
    START WITH 1
    INCREMENT BY 1
    NO MINVALUE
    MAXVALUE 111111111111111111
    CACHE 1;


ALTER TABLE dmes.sqscinputfeature OWNER TO "sipPrueba";

--
-- TOC entry 222 (class 1259 OID 118705)
-- Name: sqscinputlocation; Type: SEQUENCE; Schema: dmes; Owner: sipPrueba
--

CREATE SEQUENCE sqscinputlocation
    START WITH 1
    INCREMENT BY 1
    NO MINVALUE
    MAXVALUE 111111111111111111
    CACHE 1;


ALTER TABLE dmes.sqscinputlocation OWNER TO "sipPrueba";

--
-- TOC entry 223 (class 1259 OID 118707)
-- Name: sqscinputobservation; Type: SEQUENCE; Schema: dmes; Owner: sipPrueba
--

CREATE SEQUENCE sqscinputobservation
    START WITH 1
    INCREMENT BY 1
    NO MINVALUE
    MAXVALUE 111111111111111111
    CACHE 1;


ALTER TABLE dmes.sqscinputobservation OWNER TO "sipPrueba";

--
-- TOC entry 224 (class 1259 OID 118709)
-- Name: sqscinputspecification; Type: SEQUENCE; Schema: dmes; Owner: sipPrueba
--

CREATE SEQUENCE sqscinputspecification
    START WITH 1
    INCREMENT BY 1
    NO MINVALUE
    MAXVALUE 111111111111111111
    CACHE 1;


ALTER TABLE dmes.sqscinputspecification OWNER TO "sipPrueba";

--
-- TOC entry 225 (class 1259 OID 118711)
-- Name: sqscinputstock; Type: SEQUENCE; Schema: dmes; Owner: sipPrueba
--

CREATE SEQUENCE sqscinputstock
    START WITH 1
    INCREMENT BY 1
    NO MINVALUE
    MAXVALUE 111111111111111111
    CACHE 1;


ALTER TABLE dmes.sqscinputstock OWNER TO "sipPrueba";

--
-- TOC entry 226 (class 1259 OID 118713)
-- Name: sqscmails; Type: SEQUENCE; Schema: dmes; Owner: sipPrueba
--

CREATE SEQUENCE sqscmails
    START WITH 6
    INCREMENT BY 1
    NO MINVALUE
    MAXVALUE 111111111111111111
    CACHE 1;


ALTER TABLE dmes.sqscmails OWNER TO "sipPrueba";

--
-- TOC entry 227 (class 1259 OID 118715)
-- Name: sqscmaintenanceplan; Type: SEQUENCE; Schema: dmes; Owner: sipPrueba
--

CREATE SEQUENCE sqscmaintenanceplan
    START WITH 1
    INCREMENT BY 1
    NO MINVALUE
    MAXVALUE 11111111111111111
    CACHE 1;


ALTER TABLE dmes.sqscmaintenanceplan OWNER TO "sipPrueba";

--
-- TOC entry 228 (class 1259 OID 118717)
-- Name: sqscmeasure; Type: SEQUENCE; Schema: dmes; Owner: sipPrueba
--

CREATE SEQUENCE sqscmeasure
    START WITH 1
    INCREMENT BY 1
    NO MINVALUE
    MAXVALUE 111111111111111111
    CACHE 1;


ALTER TABLE dmes.sqscmeasure OWNER TO "sipPrueba";

--
-- TOC entry 229 (class 1259 OID 118719)
-- Name: sqscmodulespermissionbyrole; Type: SEQUENCE; Schema: dmes; Owner: sipPrueba
--

CREATE SEQUENCE sqscmodulespermissionbyrole
    START WITH 17
    INCREMENT BY 1
    NO MINVALUE
    MAXVALUE 111111111111111111
    CACHE 1;


ALTER TABLE dmes.sqscmodulespermissionbyrole OWNER TO "sipPrueba";

--
-- TOC entry 230 (class 1259 OID 118721)
-- Name: sqscmoney; Type: SEQUENCE; Schema: dmes; Owner: sipPrueba
--

CREATE SEQUENCE sqscmoney
    START WITH 1
    INCREMENT BY 1
    NO MINVALUE
    MAXVALUE 111111111111111111
    CACHE 1;


ALTER TABLE dmes.sqscmoney OWNER TO "sipPrueba";

--
-- TOC entry 231 (class 1259 OID 118723)
-- Name: sqscoperatingconditions; Type: SEQUENCE; Schema: dmes; Owner: sipPrueba
--

CREATE SEQUENCE sqscoperatingconditions
    START WITH 1
    INCREMENT BY 1
    NO MINVALUE
    MAXVALUE 111111111111111111
    CACHE 1;


ALTER TABLE dmes.sqscoperatingconditions OWNER TO "sipPrueba";

--
-- TOC entry 232 (class 1259 OID 118725)
-- Name: sqscpackingunit; Type: SEQUENCE; Schema: dmes; Owner: sipPrueba
--

CREATE SEQUENCE sqscpackingunit
    START WITH 1
    INCREMENT BY 1
    NO MINVALUE
    MAXVALUE 111111111111111111
    CACHE 1;


ALTER TABLE dmes.sqscpackingunit OWNER TO "sipPrueba";

--
-- TOC entry 233 (class 1259 OID 118727)
-- Name: sqscpartners; Type: SEQUENCE; Schema: dmes; Owner: sipPrueba
--

CREATE SEQUENCE sqscpartners
    START WITH 15
    INCREMENT BY 1
    NO MINVALUE
    MAXVALUE 11111111111111111
    CACHE 1;


ALTER TABLE dmes.sqscpartners OWNER TO "sipPrueba";

--
-- TOC entry 234 (class 1259 OID 118729)
-- Name: sqscpartsandconsumables; Type: SEQUENCE; Schema: dmes; Owner: sipPrueba
--

CREATE SEQUENCE sqscpartsandconsumables
    START WITH 1
    INCREMENT BY 1
    NO MINVALUE
    MAXVALUE 111111111111111111
    CACHE 1;


ALTER TABLE dmes.sqscpartsandconsumables OWNER TO "sipPrueba";

--
-- TOC entry 235 (class 1259 OID 118731)
-- Name: sqscpersondocumentationattached; Type: SEQUENCE; Schema: dmes; Owner: sipPrueba
--

CREATE SEQUENCE sqscpersondocumentationattached
    START WITH 6
    INCREMENT BY 1
    NO MINVALUE
    MAXVALUE 111111111111111111
    CACHE 1;


ALTER TABLE dmes.sqscpersondocumentationattached OWNER TO "sipPrueba";

--
-- TOC entry 236 (class 1259 OID 118733)
-- Name: sqscpersonobservations; Type: SEQUENCE; Schema: dmes; Owner: sipPrueba
--

CREATE SEQUENCE sqscpersonobservations
    START WITH 6
    INCREMENT BY 1
    NO MINVALUE
    MAXVALUE 111111111111111111
    CACHE 1;


ALTER TABLE dmes.sqscpersonobservations OWNER TO "sipPrueba";

--
-- TOC entry 237 (class 1259 OID 118735)
-- Name: sqscpersons; Type: SEQUENCE; Schema: dmes; Owner: sipPrueba
--

CREATE SEQUENCE sqscpersons
    START WITH 1
    INCREMENT BY 1
    NO MINVALUE
    MAXVALUE 111111111111111111
    CACHE 1;


ALTER TABLE dmes.sqscpersons OWNER TO "sipPrueba";

--
-- TOC entry 238 (class 1259 OID 118737)
-- Name: sqscpersonspecifications; Type: SEQUENCE; Schema: dmes; Owner: sipPrueba
--

CREATE SEQUENCE sqscpersonspecifications
    START WITH 6
    INCREMENT BY 1
    NO MINVALUE
    MAXVALUE 111111111111111111
    CACHE 1;


ALTER TABLE dmes.sqscpersonspecifications OWNER TO "sipPrueba";

--
-- TOC entry 239 (class 1259 OID 118739)
-- Name: sqscphones; Type: SEQUENCE; Schema: dmes; Owner: sipPrueba
--

CREATE SEQUENCE sqscphones
    START WITH 6
    INCREMENT BY 1
    NO MINVALUE
    MAXVALUE 111111111111111111
    CACHE 1;


ALTER TABLE dmes.sqscphones OWNER TO "sipPrueba";

--
-- TOC entry 240 (class 1259 OID 118741)
-- Name: sqscphoto; Type: SEQUENCE; Schema: dmes; Owner: sipPrueba
--

CREATE SEQUENCE sqscphoto
    START WITH 1
    INCREMENT BY 1
    NO MINVALUE
    MAXVALUE 11111111111111111
    CACHE 1;


ALTER TABLE dmes.sqscphoto OWNER TO "sipPrueba";

--
-- TOC entry 252 (class 1259 OID 126743)
-- Name: sqscproductattached; Type: SEQUENCE; Schema: dmes; Owner: sipPrueba
--

CREATE SEQUENCE sqscproductattached
    START WITH 1
    INCREMENT BY 1
    NO MINVALUE
    MAXVALUE 111111111111111111
    CACHE 1;


ALTER TABLE dmes.sqscproductattached OWNER TO "sipPrueba";

--
-- TOC entry 250 (class 1259 OID 126728)
-- Name: sqscproductformulation; Type: SEQUENCE; Schema: dmes; Owner: sipPrueba
--

CREATE SEQUENCE sqscproductformulation
    START WITH 1
    INCREMENT BY 1
    NO MINVALUE
    MAXVALUE 111111111111111111
    CACHE 1;


ALTER TABLE dmes.sqscproductformulation OWNER TO "sipPrueba";

--
-- TOC entry 241 (class 1259 OID 118743)
-- Name: sqscroles; Type: SEQUENCE; Schema: dmes; Owner: sipPrueba
--

CREATE SEQUENCE sqscroles
    START WITH 2
    INCREMENT BY 1
    NO MINVALUE
    MAXVALUE 111111111111111111
    CACHE 1;


ALTER TABLE dmes.sqscroles OWNER TO "sipPrueba";

--
-- TOC entry 242 (class 1259 OID 118745)
-- Name: sqscservicesorproducts; Type: SEQUENCE; Schema: dmes; Owner: sipPrueba
--

CREATE SEQUENCE sqscservicesorproducts
    START WITH 15
    INCREMENT BY 1
    NO MINVALUE
    MAXVALUE 11111111111111111
    CACHE 1;


ALTER TABLE dmes.sqscservicesorproducts OWNER TO "sipPrueba";

--
-- TOC entry 243 (class 1259 OID 118747)
-- Name: sqscstore; Type: SEQUENCE; Schema: dmes; Owner: sipPrueba
--

CREATE SEQUENCE sqscstore
    START WITH 1
    INCREMENT BY 1
    NO MINVALUE
    MAXVALUE 11111111111111111
    CACHE 1;


ALTER TABLE dmes.sqscstore OWNER TO "sipPrueba";

--
-- TOC entry 244 (class 1259 OID 118749)
-- Name: sqsctools; Type: SEQUENCE; Schema: dmes; Owner: sipPrueba
--

CREATE SEQUENCE sqsctools
    START WITH 1
    INCREMENT BY 1
    NO MINVALUE
    MAXVALUE 111111111111111111
    CACHE 1;


ALTER TABLE dmes.sqsctools OWNER TO "sipPrueba";

--
-- TOC entry 245 (class 1259 OID 118751)
-- Name: sqscusers; Type: SEQUENCE; Schema: dmes; Owner: sipPrueba
--

CREATE SEQUENCE sqscusers
    START WITH 2
    INCREMENT BY 1
    NO MINVALUE
    MAXVALUE 11111111111111111
    CACHE 1;


ALTER TABLE dmes.sqscusers OWNER TO "sipPrueba";

--
-- TOC entry 246 (class 1259 OID 118753)
-- Name: sqscworkexperience; Type: SEQUENCE; Schema: dmes; Owner: sipPrueba
--

CREATE SEQUENCE sqscworkexperience
    START WITH 1
    INCREMENT BY 1
    NO MINVALUE
    MAXVALUE 11111111111111111
    CACHE 1;


ALTER TABLE dmes.sqscworkexperience OWNER TO "sipPrueba";

--
-- TOC entry 247 (class 1259 OID 118755)
-- Name: sqtype; Type: SEQUENCE; Schema: dmes; Owner: sipPrueba
--

CREATE SEQUENCE sqtype
    START WITH 1
    INCREMENT BY 1
    NO MINVALUE
    MAXVALUE 11111111
    CACHE 1;


ALTER TABLE dmes.sqtype OWNER TO "sipPrueba";

--
-- TOC entry 2433 (class 0 OID 118501)
-- Dependencies: 170
-- Data for Name: sc_class_type; Type: TABLE DATA; Schema: dmes; Owner: sipPrueba
--

INSERT INTO sc_class_type (id_class_type, class_type, creation_date, modify_date) VALUES (1, 'clasificacion maquina', '2014-08-12', '2014-08-12');
INSERT INTO sc_class_type (id_class_type, class_type, creation_date, modify_date) VALUES (2, 'prioridad', '2014-08-12', '2014-08-12');
INSERT INTO sc_class_type (id_class_type, class_type, creation_date, modify_date) VALUES (3, 'medida (dias, meses, años)', '2014-08-12', '2014-08-12');
INSERT INTO sc_class_type (id_class_type, class_type, creation_date, modify_date) VALUES (4, 'moneda', '2014-08-12', '2014-08-12');
INSERT INTO sc_class_type (id_class_type, class_type, creation_date, modify_date) VALUES (5, 'medida (peso)', '2014-08-12', '2014-08-12');
INSERT INTO sc_class_type (id_class_type, class_type, creation_date, modify_date) VALUES (6, 'medida (alto)', '2014-08-12', '2014-08-12');
INSERT INTO sc_class_type (id_class_type, class_type, creation_date, modify_date) VALUES (8, 'medida (corriente)', '2014-08-12', '2014-08-12');
INSERT INTO sc_class_type (id_class_type, class_type, creation_date, modify_date) VALUES (7, 'medida (potencial)', '2014-08-12', '2014-08-12');
INSERT INTO sc_class_type (id_class_type, class_type, creation_date, modify_date) VALUES (9, 'medida (voltage)', '2014-08-12', '2014-08-12');


--
-- TOC entry 2434 (class 0 OID 118504)
-- Dependencies: 171
-- Data for Name: sc_competencies; Type: TABLE DATA; Schema: dmes; Owner: sipPrueba
--

INSERT INTO sc_competencies (id_competencies, tittle, description, id_employee) VALUES (6, 'Liderazgo', 'Liderazgo', 8);


--
-- TOC entry 2435 (class 0 OID 118510)
-- Dependencies: 172
-- Data for Name: sc_constants_load_files; Type: TABLE DATA; Schema: dmes; Owner: sipPrueba
--

INSERT INTO sc_constants_load_files (id_constants_load_file, max_size_file, extension, path) VALUES (1, 10, '/(\.|\/)(pdf|xsl|doc|xlsx|docx|txt|pps|ppt|pptx|ppsx)$/', NULL);


--
-- TOC entry 2436 (class 0 OID 118516)
-- Dependencies: 173
-- Data for Name: sc_cost_center; Type: TABLE DATA; Schema: dmes; Owner: sipPrueba
--

INSERT INTO sc_cost_center (id_cost_center, description, cost_center, creation_date, modify_date) VALUES (4, 'Contabilidad', '2121331', '2015-02-12', NULL);
INSERT INTO sc_cost_center (id_cost_center, description, cost_center, creation_date, modify_date) VALUES (2, 'Mercadeo', '11212545', '2014-12-14', NULL);
INSERT INTO sc_cost_center (id_cost_center, description, cost_center, creation_date, modify_date) VALUES (1, 'Compras', '14454545', '2014-12-14', '2014-12-14');
INSERT INTO sc_cost_center (id_cost_center, description, cost_center, creation_date, modify_date) VALUES (3, 'Facturación', '52545582', '2015-01-14', NULL);
INSERT INTO sc_cost_center (id_cost_center, description, cost_center, creation_date, modify_date) VALUES (9, 'Sistemas', '32334323', '2015-02-25', NULL);
INSERT INTO sc_cost_center (id_cost_center, description, cost_center, creation_date, modify_date) VALUES (10, 'Servicios Generales', '32334323', '2015-02-27', NULL);
INSERT INTO sc_cost_center (id_cost_center, description, cost_center, creation_date, modify_date) VALUES (11, 'Recusos Humanos', '3234342', '2015-02-28', NULL);


--
-- TOC entry 2437 (class 0 OID 118519)
-- Dependencies: 174
-- Data for Name: sc_distribution_unit; Type: TABLE DATA; Schema: dmes; Owner: sipPrueba
--

INSERT INTO sc_distribution_unit (id_distribution_unit, acronym, description) VALUES (1, 'botella', 'una botella de cajas');
INSERT INTO sc_distribution_unit (id_distribution_unit, acronym, description) VALUES (2, 'Libras', '25 libras por cajas');
INSERT INTO sc_distribution_unit (id_distribution_unit, acronym, description) VALUES (3, 'Litros Cilindricos', 'Cantidad de litros en un cilindro');


--
-- TOC entry 2438 (class 0 OID 118522)
-- Dependencies: 175
-- Data for Name: sc_documents; Type: TABLE DATA; Schema: dmes; Owner: sipPrueba
--

INSERT INTO sc_documents (id_document, document_path, document_tittle, creation_date, document_name, id_person, upload_by, type_document) VALUES (23, '/home/guschavor/Chavarro_Ortiz_Gustavo_Adolfo', 'archvo', '2015-02-02', 'AF-Anexo Funcional-VCDE130800-EB-CO Definición de parámetros.doc', 1, 'guschaor', 'application/msword');
INSERT INTO sc_documents (id_document, document_path, document_tittle, creation_date, document_name, id_person, upload_by, type_document) VALUES (24, '/home/guschavor/Chavarro_Ortiz_Gustavo_Adolfo', 'borrar', '2015-02-02', 'Acta de Instalación.docx', 1, 'guschaor', 'application/vnd.openxmlformats-officedocument.wordprocessingml.document');
INSERT INTO sc_documents (id_document, document_path, document_tittle, creation_date, document_name, id_person, upload_by, type_document) VALUES (25, '/home/guschavor/Chavarro_Ortiz_Gustavo_Adolfo', 'test', '2015-02-02', 'Despliegue VMI CENCOSUD.doc', 1, 'guschaor', 'application/msword');
INSERT INTO sc_documents (id_document, document_path, document_tittle, creation_date, document_name, id_person, upload_by, type_document) VALUES (26, '/home/gchavarro88/Aconcha_Yoleidy', 'aconcha', '2015-02-03', 'JPQL BASICO.docx', 3, 'guschaor', 'application/vnd.openxmlformats-officedocument.wordprocessingml.document');


--
-- TOC entry 2439 (class 0 OID 118528)
-- Dependencies: 176
-- Data for Name: sc_employee; Type: TABLE DATA; Schema: dmes; Owner: sipPrueba
--

INSERT INTO sc_employee (id_employee, "position", formation, admission_date, retirement_date, active, salary, hour_value, porcentage, amount, creation_date, modify_date, id_person) VALUES (8, 'Administrador del Mundo', 'Ingeniero de Sistemas', '2014-11-10', NULL, 'Y', 30000000000000.00, 3233.00, 32.00, 33.00, '2014-11-19', NULL, 1);


--
-- TOC entry 2440 (class 0 OID 118531)
-- Dependencies: 177
-- Data for Name: sc_input; Type: TABLE DATA; Schema: dmes; Owner: sipPrueba
--

INSERT INTO sc_input (id_input, type_material, expiry_date, supplier_guarantee, mark, value, path_picture, cost_center, serie, creation_date, description, id_input_stock, id_input_location, id_priority, id_input_dimension, id_packing, id_money, total_amount_distribution, id_distribution_unit, distribution_amount, distribution_value) VALUES (8, 'Tipo de Prueba de Material', '2015-03-31', 1, 'Nike', 1200, '/home/guschaor/inputs_filePath/img/hqdefault.jpg', 4, '1212', '2015-03-19', 'Prueba de Insumo', 7, 7, 1, 7, 4, 3, 123, 1, 3, 12212.00);
INSERT INTO sc_input (id_input, type_material, expiry_date, supplier_guarantee, mark, value, path_picture, cost_center, serie, creation_date, description, id_input_stock, id_input_location, id_priority, id_input_dimension, id_packing, id_money, total_amount_distribution, id_distribution_unit, distribution_amount, distribution_value) VALUES (5, 'sdfsd', '2015-03-18', 15, 'fsfsd', 12323, '/home/gchavarro88/inputs_filePath/img/2014-08-10.jpg', 1, 'dfsdfsd', '2015-03-09', 'ddd', 4, 7, 1, 4, 4, 1, 12, 1, 12, 12122.00);
INSERT INTO sc_input (id_input, type_material, expiry_date, supplier_guarantee, mark, value, path_picture, cost_center, serie, creation_date, description, id_input_stock, id_input_location, id_priority, id_input_dimension, id_packing, id_money, total_amount_distribution, id_distribution_unit, distribution_amount, distribution_value) VALUES (13, 'Prueba', NULL, 1, 'Prueba', 1223, ' ', 4, 'AC3232323', '2015-03-29', 'Prueba de Insumo', 12, 8, 2, 12, 5, 3, 72, 3, 12, 101.00);
INSERT INTO sc_input (id_input, type_material, expiry_date, supplier_guarantee, mark, value, path_picture, cost_center, serie, creation_date, description, id_input_stock, id_input_location, id_priority, id_input_dimension, id_packing, id_money, total_amount_distribution, id_distribution_unit, distribution_amount, distribution_value) VALUES (7, 'dsdf', '2015-03-30', 1, 'dsfsd', 4333, ' ', 1, '22', '2015-03-17', 'amiguis', 6, 8, 2, 6, 3, 3, 12, 1, 12, 361.00);


--
-- TOC entry 2441 (class 0 OID 118537)
-- Dependencies: 178
-- Data for Name: sc_input_dimension; Type: TABLE DATA; Schema: dmes; Owner: sipPrueba
--

INSERT INTO sc_input_dimension (id_input_dimension, hight, width, large, weight, volume, thickness, radio, observations) VALUES (6, '1-Mms', '23-34443', '23-34443', '', '', '', '', '');
INSERT INTO sc_input_dimension (id_input_dimension, hight, width, large, weight, volume, thickness, radio, observations) VALUES (4, '1-Mms', '1-Mms', '1-Mms', '1-Mts', '1-Mms', '1-34443', '1-Mms', '');
INSERT INTO sc_input_dimension (id_input_dimension, hight, width, large, weight, volume, thickness, radio, observations) VALUES (2, '23-Mms', '23-Mms', '3-Mms', '23-Mts', '12-Mms', '23-Mms', '2-Mms', '');
INSERT INTO sc_input_dimension (id_input_dimension, hight, width, large, weight, volume, thickness, radio, observations) VALUES (7, '12-Mms', '2-KMS', '2-Mts', '', '', '', '', '');
INSERT INTO sc_input_dimension (id_input_dimension, hight, width, large, weight, volume, thickness, radio, observations) VALUES (12, '33-Mms', '33-KMS', '3-Mms', '55-KMS', '', '', '', '');


--
-- TOC entry 2442 (class 0 OID 118543)
-- Dependencies: 179
-- Data for Name: sc_input_documents; Type: TABLE DATA; Schema: dmes; Owner: sipPrueba
--

INSERT INTO sc_input_documents (id_input_documents, document_path, document_tittle, creation_date, document_name, upload_by, type_document, id_input) VALUES (4, '/home/guschaor/inputs_filePath/docs/carta laboral ip total.pdf', 'Hoja de Vida', '2015-03-12', 'carta laboral ip total.pdf', 'guschaor', 'carta laboral ip total.pdf', 5);
INSERT INTO sc_input_documents (id_input_documents, document_path, document_tittle, creation_date, document_name, upload_by, type_document, id_input) VALUES (5, '/home/guschaor/inputs_filePath/docs/FActura une  HeiDy.pdf', 'Patron', '2015-03-12', 'FActura une  HeiDy.pdf', 'guschaor', 'FActura une  HeiDy.pdf', 5);
INSERT INTO sc_input_documents (id_input_documents, document_path, document_tittle, creation_date, document_name, upload_by, type_document, id_input) VALUES (6, '/home/guschaor/inputs_filePath/docs/CVJ_CERT_TRABAJO_CO.pdf', 'Prueba de documento v', '2015-03-19', 'CVJ_CERT_TRABAJO_CO.pdf', 'guschaor', 'application/pdf', 5);
INSERT INTO sc_input_documents (id_input_documents, document_path, document_tittle, creation_date, document_name, upload_by, type_document, id_input) VALUES (7, '/home/guschaor/inputs_filePath/docs', 'Segunda prueba', '2015-03-19', 'carta laboral ip total.pdf', 'guschaor', 'application/pdf', 5);


--
-- TOC entry 2443 (class 0 OID 118549)
-- Dependencies: 180
-- Data for Name: sc_input_equivalence; Type: TABLE DATA; Schema: dmes; Owner: sipPrueba
--



--
-- TOC entry 2444 (class 0 OID 118552)
-- Dependencies: 181
-- Data for Name: sc_input_feactures; Type: TABLE DATA; Schema: dmes; Owner: sipPrueba
--

INSERT INTO sc_input_feactures (id_input_feactures, tittle, description, id_input) VALUES (8, 'sdfsdf', 'sdfsddf', 5);
INSERT INTO sc_input_feactures (id_input_feactures, tittle, description, id_input) VALUES (9, 'sdfsdfs', 'fsdfsd', 5);
INSERT INTO sc_input_feactures (id_input_feactures, tittle, description, id_input) VALUES (10, 'sdfsdfsd', 'sdfsdf', 5);
INSERT INTO sc_input_feactures (id_input_feactures, tittle, description, id_input) VALUES (11, 'sdfsdfsd', 'fsdfsd', 5);


--
-- TOC entry 2445 (class 0 OID 118558)
-- Dependencies: 182
-- Data for Name: sc_input_location; Type: TABLE DATA; Schema: dmes; Owner: sipPrueba
--

INSERT INTO sc_input_location (id_input_location, location, description) VALUES (1, 'Superir', 'Lado superiro del insumo');
INSERT INTO sc_input_location (id_input_location, location, description) VALUES (2, 'Inferior', 'Lado inferior en la posicion del almacen');
INSERT INTO sc_input_location (id_input_location, location, description) VALUES (3, 'Medio', 'Parte media del almacen');
INSERT INTO sc_input_location (id_input_location, location, description) VALUES (5, 'sfsd', 'sfsd');
INSERT INTO sc_input_location (id_input_location, location, description) VALUES (6, 'Superior Derecha', 'dfsdfds');
INSERT INTO sc_input_location (id_input_location, location, description) VALUES (7, 'Bloque 1 Seccion 3', '');
INSERT INTO sc_input_location (id_input_location, location, description) VALUES (8, 'Bloque 3 Sección 2', '');
INSERT INTO sc_input_location (id_input_location, location, description) VALUES (9, 'Bloque 3 Sección 2e', '');
INSERT INTO sc_input_location (id_input_location, location, description) VALUES (10, 'Norte suro', 'Ubicación del norte a sur');


--
-- TOC entry 2446 (class 0 OID 118564)
-- Dependencies: 183
-- Data for Name: sc_input_observations; Type: TABLE DATA; Schema: dmes; Owner: sipPrueba
--

INSERT INTO sc_input_observations (id_input_observation, tittle, description, id_input) VALUES (5, 'fsdfsdf', 'dfsdfs', 5);
INSERT INTO sc_input_observations (id_input_observation, tittle, description, id_input) VALUES (6, 'sdfsdf', 'sdfsdf', 5);
INSERT INTO sc_input_observations (id_input_observation, tittle, description, id_input) VALUES (7, 'sdfsdfs', 'sdfsdfsd', 5);


--
-- TOC entry 2447 (class 0 OID 118570)
-- Dependencies: 184
-- Data for Name: sc_input_specifications; Type: TABLE DATA; Schema: dmes; Owner: sipPrueba
--

INSERT INTO sc_input_specifications (id_input_specifications, description, tittle, creation_date, id_input) VALUES (10, 'sdfsd', 'dfsdf', '2015-03-09', 5);
INSERT INTO sc_input_specifications (id_input_specifications, description, tittle, creation_date, id_input) VALUES (11, 'sdfsd', 'dfsfsd', '2015-03-09', 5);
INSERT INTO sc_input_specifications (id_input_specifications, description, tittle, creation_date, id_input) VALUES (12, 'sdfsd', 'sdfsdf', '2015-03-09', 5);


--
-- TOC entry 2448 (class 0 OID 118576)
-- Dependencies: 185
-- Data for Name: sc_input_stock; Type: TABLE DATA; Schema: dmes; Owner: sipPrueba
--

INSERT INTO sc_input_stock (id_input_stock, maxime_stock, minime_stock, current_stock, price_unit, total_value, id_store, optime_stock) VALUES (2, 12, 1, 22, 22, 22, 2, 22);
INSERT INTO sc_input_stock (id_input_stock, maxime_stock, minime_stock, current_stock, price_unit, total_value, id_store, optime_stock) VALUES (3, 12, 32, 23, 232, 2332, 2, 2332);
INSERT INTO sc_input_stock (id_input_stock, maxime_stock, minime_stock, current_stock, price_unit, total_value, id_store, optime_stock) VALUES (4, 1, 7, 7, 7, 7, 1, 7);
INSERT INTO sc_input_stock (id_input_stock, maxime_stock, minime_stock, current_stock, price_unit, total_value, id_store, optime_stock) VALUES (6, 12, 11, 12, 4, 48, 1, 11);
INSERT INTO sc_input_stock (id_input_stock, maxime_stock, minime_stock, current_stock, price_unit, total_value, id_store, optime_stock) VALUES (7, 12, 2, 3, 1200, 3600, 1, 12);
INSERT INTO sc_input_stock (id_input_stock, maxime_stock, minime_stock, current_stock, price_unit, total_value, id_store, optime_stock) VALUES (12, 12, 2, 6, 1223, 7338, 3, 3);


--
-- TOC entry 2449 (class 0 OID 118579)
-- Dependencies: 186
-- Data for Name: sc_machine; Type: TABLE DATA; Schema: dmes; Owner: sipPrueba
--



--
-- TOC entry 2450 (class 0 OID 118585)
-- Dependencies: 187
-- Data for Name: sc_mails; Type: TABLE DATA; Schema: dmes; Owner: sipPrueba
--

INSERT INTO sc_mails (id_mail, mail, description, id_person) VALUES (9, 'notengo@notengo.com', 'No tiene', 11);
INSERT INTO sc_mails (id_mail, mail, description, id_person) VALUES (12, 'nataliagiron99@gmail.com', 'Correo Personal', 13);
INSERT INTO sc_mails (id_mail, mail, description, id_person) VALUES (13, 'dede@hdodk.com', 'Erróneo', 11);


--
-- TOC entry 2451 (class 0 OID 118588)
-- Dependencies: 188
-- Data for Name: sc_maintenance_plan; Type: TABLE DATA; Schema: dmes; Owner: sipPrueba
--



--
-- TOC entry 2452 (class 0 OID 118591)
-- Dependencies: 189
-- Data for Name: sc_measure_unit; Type: TABLE DATA; Schema: dmes; Owner: sipPrueba
--

INSERT INTO sc_measure_unit (id_measure, acronym, type) VALUES (1, 'Mts', 'Metros');
INSERT INTO sc_measure_unit (id_measure, acronym, type) VALUES (2, 'Mms', 'Milimetros');
INSERT INTO sc_measure_unit (id_measure, acronym, type) VALUES (4, 'KMS', 'Kilometros');


--
-- TOC entry 2453 (class 0 OID 118594)
-- Dependencies: 190
-- Data for Name: sc_module_permission; Type: TABLE DATA; Schema: dmes; Owner: sipPrueba
--

INSERT INTO sc_module_permission (id_module_permission, name, description, icone, type, id_father, page) VALUES (1, 'Gestión de Planta', NULL, 'bar.png', 'Home', -1, 'Help.jsf');
INSERT INTO sc_module_permission (id_module_permission, name, description, icone, type, id_father, page) VALUES (2, 'Visibilidad de Planta', NULL, 'oee.png', 'Folder', 1, 'Help.jsf');
INSERT INTO sc_module_permission (id_module_permission, name, description, icone, type, id_father, page) VALUES (3, 'Programación de Orden de Fabricación', NULL, 'ord.png', 'Folder', 1, 'Help.jsf');
INSERT INTO sc_module_permission (id_module_permission, name, description, icone, type, id_father, page) VALUES (5, 'Gestión del Mantenimiento', NULL, 'man.png', 'Folder', 1, 'Help.jsf');
INSERT INTO sc_module_permission (id_module_permission, name, description, icone, type, id_father, page) VALUES (6, 'Gestión de los Recursos', NULL, 'rec.png', 'Folder', 1, 'Help.jsf');
INSERT INTO sc_module_permission (id_module_permission, name, description, icone, type, id_father, page) VALUES (7, 'Configuraciones', NULL, 'confi.png', 'Folder', 1, 'Help.jsf');
INSERT INTO sc_module_permission (id_module_permission, name, description, icone, type, id_father, page) VALUES (9, 'Recursos Humanos', '', NULL, 'Folder', 7, 'Help.jsf');
INSERT INTO sc_module_permission (id_module_permission, name, description, icone, type, id_father, page) VALUES (10, 'Recursos Materiales', NULL, NULL, 'Folder', 7, 'Help.jsf');
INSERT INTO sc_module_permission (id_module_permission, name, description, icone, type, id_father, page) VALUES (14, 'Usuarios', '', NULL, 'Item', 13, 'security/Scusers.jsf');
INSERT INTO sc_module_permission (id_module_permission, name, description, icone, type, id_father, page) VALUES (8, 'Cerrar Sesión', NULL, 'salir.png', 'Folder', 1, 'exit');
INSERT INTO sc_module_permission (id_module_permission, name, description, icone, type, id_father, page) VALUES (13, 'Usuarios y Permisos', '', NULL, 'Folder', 7, 'Help.jsf');
INSERT INTO sc_module_permission (id_module_permission, name, description, icone, type, id_father, page) VALUES (15, 'Grupos y Roles', NULL, NULL, 'Item', 13, 'security/Scroles.jsf');
INSERT INTO sc_module_permission (id_module_permission, name, description, icone, type, id_father, page) VALUES (16, 'Terceros', NULL, NULL, 'Item', 13, 'security/Scperson.jsf');
INSERT INTO sc_module_permission (id_module_permission, name, description, icone, type, id_father, page) VALUES (11, 'Empleados', NULL, NULL, 'Item', 9, 'resources/humans/ScEmployees.jsf');
INSERT INTO sc_module_permission (id_module_permission, name, description, icone, type, id_father, page) VALUES (12, 'Proveedores', NULL, NULL, 'Item', 9, 'resources/humans/ScPartners.jsf');
INSERT INTO sc_module_permission (id_module_permission, name, description, icone, type, id_father, page) VALUES (17, 'Maquina', NULL, NULL, 'Item', 10, 'resources/materials/ScMachines.jsf');
INSERT INTO sc_module_permission (id_module_permission, name, description, icone, type, id_father, page) VALUES (18, 'Cargue de Documentos', NULL, NULL, 'Folder', 7, ' Help.jsf');
INSERT INTO sc_module_permission (id_module_permission, name, description, icone, type, id_father, page) VALUES (21, 'Cargue de Parámetros', NULL, NULL, 'Folder', 7, 'Help.jsf');
INSERT INTO sc_module_permission (id_module_permission, name, description, icone, type, id_father, page) VALUES (22, 'Parámetros Básicos', NULL, NULL, 'Item', 21, 'Help.jsf');
INSERT INTO sc_module_permission (id_module_permission, name, description, icone, type, id_father, page) VALUES (19, 'Documentos por Usuario', NULL, NULL, 'Item', 18, 'LoadDocuments/FsdocumentsByUser.jsf');
INSERT INTO sc_module_permission (id_module_permission, name, description, icone, type, id_father, page) VALUES (4, 'Gestión de la Calidad y la Trazabilidad', NULL, 'cal.png', 'Folder', 1, 'Help.jsf');
INSERT INTO sc_module_permission (id_module_permission, name, description, icone, type, id_father, page) VALUES (20, 'Documentos a Usuario', NULL, NULL, 'Item', 18, 'LoadDocuments/FsdocumentsToUser.jsf');
INSERT INTO sc_module_permission (id_module_permission, name, description, icone, type, id_father, page) VALUES (23, 'Almacen', NULL, NULL, 'Item', 10, 'Help.jsf');
INSERT INTO sc_module_permission (id_module_permission, name, description, icone, type, id_father, page) VALUES (24, 'Insumos', NULL, NULL, 'Item', 10, 'resources/materials/ScInput.jsf');
INSERT INTO sc_module_permission (id_module_permission, name, description, icone, type, id_father, page) VALUES (25, 'Productos', NULL, NULL, 'Item', 10, 'Help.jsf');


--
-- TOC entry 2454 (class 0 OID 118600)
-- Dependencies: 191
-- Data for Name: sc_module_permission_by_role; Type: TABLE DATA; Schema: dmes; Owner: sipPrueba
--

INSERT INTO sc_module_permission_by_role (id_module_permission_by_role, id_role, id_type, id_module_permission) VALUES (202, 6, 'CRUD', 1);
INSERT INTO sc_module_permission_by_role (id_module_permission_by_role, id_role, id_type, id_module_permission) VALUES (203, 6, 'CRUD', 7);
INSERT INTO sc_module_permission_by_role (id_module_permission_by_role, id_role, id_type, id_module_permission) VALUES (204, 6, 'CRUD', 13);
INSERT INTO sc_module_permission_by_role (id_module_permission_by_role, id_role, id_type, id_module_permission) VALUES (205, 6, 'CRUD', 15);
INSERT INTO sc_module_permission_by_role (id_module_permission_by_role, id_role, id_type, id_module_permission) VALUES (209, 6, 'CRUD', 14);
INSERT INTO sc_module_permission_by_role (id_module_permission_by_role, id_role, id_type, id_module_permission) VALUES (213, 6, 'CRUD', 16);
INSERT INTO sc_module_permission_by_role (id_module_permission_by_role, id_role, id_type, id_module_permission) VALUES (166, 2, 'CRUD', 1);
INSERT INTO sc_module_permission_by_role (id_module_permission_by_role, id_role, id_type, id_module_permission) VALUES (167, 2, 'CRUD', 7);
INSERT INTO sc_module_permission_by_role (id_module_permission_by_role, id_role, id_type, id_module_permission) VALUES (168, 2, 'CRUD', 9);
INSERT INTO sc_module_permission_by_role (id_module_permission_by_role, id_role, id_type, id_module_permission) VALUES (169, 2, 'CRUD', 11);
INSERT INTO sc_module_permission_by_role (id_module_permission_by_role, id_role, id_type, id_module_permission) VALUES (173, 2, 'CRUD', 12);
INSERT INTO sc_module_permission_by_role (id_module_permission_by_role, id_role, id_type, id_module_permission) VALUES (176, 2, 'CRUD', 13);
INSERT INTO sc_module_permission_by_role (id_module_permission_by_role, id_role, id_type, id_module_permission) VALUES (177, 2, 'CRUD', 14);
INSERT INTO sc_module_permission_by_role (id_module_permission_by_role, id_role, id_type, id_module_permission) VALUES (181, 2, 'CRUD', 16);
INSERT INTO sc_module_permission_by_role (id_module_permission_by_role, id_role, id_type, id_module_permission) VALUES (102, 5, 'CRUD', 1);
INSERT INTO sc_module_permission_by_role (id_module_permission_by_role, id_role, id_type, id_module_permission) VALUES (103, 5, 'CRUD', 7);
INSERT INTO sc_module_permission_by_role (id_module_permission_by_role, id_role, id_type, id_module_permission) VALUES (104, 5, 'CRUD', 13);
INSERT INTO sc_module_permission_by_role (id_module_permission_by_role, id_role, id_type, id_module_permission) VALUES (105, 5, 'CRUD', 15);
INSERT INTO sc_module_permission_by_role (id_module_permission_by_role, id_role, id_type, id_module_permission) VALUES (109, 5, 'CRUD', 16);
INSERT INTO sc_module_permission_by_role (id_module_permission_by_role, id_role, id_type, id_module_permission) VALUES (113, 5, 'CRUD', 14);
INSERT INTO sc_module_permission_by_role (id_module_permission_by_role, id_role, id_type, id_module_permission) VALUES (116, 5, 'CRUD', 9);
INSERT INTO sc_module_permission_by_role (id_module_permission_by_role, id_role, id_type, id_module_permission) VALUES (117, 5, 'CRUD', 12);
INSERT INTO sc_module_permission_by_role (id_module_permission_by_role, id_role, id_type, id_module_permission) VALUES (346, 1, 'CRUD', 1);
INSERT INTO sc_module_permission_by_role (id_module_permission_by_role, id_role, id_type, id_module_permission) VALUES (347, 1, 'CRUD', 7);
INSERT INTO sc_module_permission_by_role (id_module_permission_by_role, id_role, id_type, id_module_permission) VALUES (348, 1, 'CRUD', 13);
INSERT INTO sc_module_permission_by_role (id_module_permission_by_role, id_role, id_type, id_module_permission) VALUES (349, 1, 'CRUD', 15);
INSERT INTO sc_module_permission_by_role (id_module_permission_by_role, id_role, id_type, id_module_permission) VALUES (353, 1, 'CRUD', 14);
INSERT INTO sc_module_permission_by_role (id_module_permission_by_role, id_role, id_type, id_module_permission) VALUES (357, 1, 'CRUD', 16);
INSERT INTO sc_module_permission_by_role (id_module_permission_by_role, id_role, id_type, id_module_permission) VALUES (360, 1, 'CRUD', 9);
INSERT INTO sc_module_permission_by_role (id_module_permission_by_role, id_role, id_type, id_module_permission) VALUES (361, 1, 'CRUD', 11);
INSERT INTO sc_module_permission_by_role (id_module_permission_by_role, id_role, id_type, id_module_permission) VALUES (365, 1, 'CRUD', 12);
INSERT INTO sc_module_permission_by_role (id_module_permission_by_role, id_role, id_type, id_module_permission) VALUES (368, 1, 'CRUD', 10);
INSERT INTO sc_module_permission_by_role (id_module_permission_by_role, id_role, id_type, id_module_permission) VALUES (369, 1, 'CRUD', 17);
INSERT INTO sc_module_permission_by_role (id_module_permission_by_role, id_role, id_type, id_module_permission) VALUES (372, 1, 'CRUD', 18);
INSERT INTO sc_module_permission_by_role (id_module_permission_by_role, id_role, id_type, id_module_permission) VALUES (373, 1, 'CRUD', 20);
INSERT INTO sc_module_permission_by_role (id_module_permission_by_role, id_role, id_type, id_module_permission) VALUES (376, 1, 'CRUD', 21);
INSERT INTO sc_module_permission_by_role (id_module_permission_by_role, id_role, id_type, id_module_permission) VALUES (377, 1, 'CRUD', 22);
INSERT INTO sc_module_permission_by_role (id_module_permission_by_role, id_role, id_type, id_module_permission) VALUES (381, 1, 'CRUD', 19);
INSERT INTO sc_module_permission_by_role (id_module_permission_by_role, id_role, id_type, id_module_permission) VALUES (385, 1, 'CRUD', 23);
INSERT INTO sc_module_permission_by_role (id_module_permission_by_role, id_role, id_type, id_module_permission) VALUES (389, 1, 'CRUD', 24);


--
-- TOC entry 2455 (class 0 OID 118603)
-- Dependencies: 192
-- Data for Name: sc_money; Type: TABLE DATA; Schema: dmes; Owner: sipPrueba
--

INSERT INTO sc_money (id_money, description, acronym) VALUES (1, 'Dolar', '$');
INSERT INTO sc_money (id_money, description, acronym) VALUES (2, 'Pesos', '$');
INSERT INTO sc_money (id_money, description, acronym) VALUES (3, 'Libra', '£');
INSERT INTO sc_money (id_money, description, acronym) VALUES (4, 'Centavo', '¢');
INSERT INTO sc_money (id_money, description, acronym) VALUES (5, 'Yen', '¥');


--
-- TOC entry 2456 (class 0 OID 118606)
-- Dependencies: 193
-- Data for Name: sc_operating_conditions; Type: TABLE DATA; Schema: dmes; Owner: sipPrueba
--



--
-- TOC entry 2457 (class 0 OID 118612)
-- Dependencies: 194
-- Data for Name: sc_packing_unit; Type: TABLE DATA; Schema: dmes; Owner: sipPrueba
--

INSERT INTO sc_packing_unit (id_packing, description, acronym) VALUES (3, 'unidad de empaque', 'Caja');
INSERT INTO sc_packing_unit (id_packing, description, acronym) VALUES (5, 'Cilindro para gases', 'Cilindro');
INSERT INTO sc_packing_unit (id_packing, description, acronym) VALUES (4, 'arrobas', 'arroba');
INSERT INTO sc_packing_unit (id_packing, description, acronym) VALUES (6, 'Estibas', 'Estiba');
INSERT INTO sc_packing_unit (id_packing, description, acronym) VALUES (7, 'Cantidad medido en vasoso milimetricos', 'Vaso');


--
-- TOC entry 2458 (class 0 OID 118615)
-- Dependencies: 195
-- Data for Name: sc_partner; Type: TABLE DATA; Schema: dmes; Owner: sipPrueba
--

INSERT INTO sc_partner (id_partner, active, "position", web_page, creation_date, modify_date, id_person, company_name) VALUES (1, 'Y', 'Asesor', 'http://www.google.com', '2014-11-19', NULL, 13, 'Carvajal');
INSERT INTO sc_partner (id_partner, active, "position", web_page, creation_date, modify_date, id_person, company_name) VALUES (15, 'Y', 'dd', '', '2014-11-21', NULL, 11, 'ddd');


--
-- TOC entry 2459 (class 0 OID 118618)
-- Dependencies: 196
-- Data for Name: sc_parts_and_consumables; Type: TABLE DATA; Schema: dmes; Owner: sipPrueba
--



--
-- TOC entry 2460 (class 0 OID 118621)
-- Dependencies: 197
-- Data for Name: sc_person; Type: TABLE DATA; Schema: dmes; Owner: sipPrueba
--

INSERT INTO sc_person (id_person, first_name, last_name, age, country, city, personal_information, domicilie, studies, description, path_photo, creation_date, modify_date, identification) VALUES (2, 'Cristian Camilo', 'Chaparro Cuadros', 23, 'Colombia ', 'Cali', NULL, 'Oeste de Cali', NULL, NULL, '/', '2014-09-23', NULL, 111111111111111111);
INSERT INTO sc_person (id_person, first_name, last_name, age, country, city, personal_information, domicilie, studies, description, path_photo, creation_date, modify_date, identification) VALUES (11, 'Valentina', 'Trujillo Ocampo', 33, 'Colombia', 'Cali', 'Barrio Champañat', 'Carrera 28 # 9-52', 'Colegio 3 de primaria básica', 'Niña de Javier', '/', '2014-11-04', '2014-11-09', 11133333333);
INSERT INTO sc_person (id_person, first_name, last_name, age, country, city, personal_information, domicilie, studies, description, path_photo, creation_date, modify_date, identification) VALUES (3, 'Yoleidy', 'Aconcha', 26, 'Colombia', 'Cali', NULL, 'Carrera 103 Calle 49', NULL, NULL, '/', '2014-10-21', NULL, 11111111111111);
INSERT INTO sc_person (id_person, first_name, last_name, age, country, city, personal_information, domicilie, studies, description, path_photo, creation_date, modify_date, identification) VALUES (1, 'Gustavo Adolfo', 'Chavarro Ortiz', 26, 'Colombia', 'Cali', NULL, 'Carrera 21 # 13-16', NULL, NULL, '/', '2014-09-26', NULL, 1107046850);
INSERT INTO sc_person (id_person, first_name, last_name, age, country, city, personal_information, domicilie, studies, description, path_photo, creation_date, modify_date, identification) VALUES (14, 'carlos', 'uzman', 18, 'colombia', 'cali', 'ksksks', 'calle 100', 'ooo', 'sssss', '/', '2014-11-30', NULL, 222222222);
INSERT INTO sc_person (id_person, first_name, last_name, age, country, city, personal_information, domicilie, studies, description, path_photo, creation_date, modify_date, identification) VALUES (13, 'Lizeth Nathalia', 'Girón López ', 18, 'Colombia', 'Cali', 'Hershey''s - Maggie', 'Calle 23 # Alfonso Bonilla Aragón', 'Ingeniería Agrícola', 'Persona interesada en conocer la empresa', '/', '2014-11-08', '2015-03-15', 1149493828);


--
-- TOC entry 2461 (class 0 OID 118627)
-- Dependencies: 198
-- Data for Name: sc_person_observations; Type: TABLE DATA; Schema: dmes; Owner: sipPrueba
--

INSERT INTO sc_person_observations (id_person_observations, tittle, observation, id_person) VALUES (10, 'Almuerza', 'almuerza', 11);
INSERT INTO sc_person_observations (id_person_observations, tittle, observation, id_person) VALUES (11, 'Mi novia', 'es la persona que me alegra las mañanas', 13);
INSERT INTO sc_person_observations (id_person_observations, tittle, observation, id_person) VALUES (12, 'Mi novia', 'es la persona que me alegra las mañanas', 13);


--
-- TOC entry 2462 (class 0 OID 118633)
-- Dependencies: 199
-- Data for Name: sc_person_specifications; Type: TABLE DATA; Schema: dmes; Owner: sipPrueba
--

INSERT INTO sc_person_specifications (id_person_specifications, tittle, specification, id_person) VALUES (11, 'Dedicación', 'Dedicación', 11);


--
-- TOC entry 2463 (class 0 OID 118639)
-- Dependencies: 200
-- Data for Name: sc_phones; Type: TABLE DATA; Schema: dmes; Owner: sipPrueba
--

INSERT INTO sc_phones (id_phone, number_phone, description, id_person) VALUES (10, 3176600681, 'Telefono de Mama', 11);
INSERT INTO sc_phones (id_phone, number_phone, description, id_person) VALUES (14, 3117036163, 'Personal', 13);
INSERT INTO sc_phones (id_phone, number_phone, description, id_person) VALUES (15, 3182433265, 'Abuela', 11);


--
-- TOC entry 2464 (class 0 OID 118642)
-- Dependencies: 201
-- Data for Name: sc_photo; Type: TABLE DATA; Schema: dmes; Owner: sipPrueba
--



--
-- TOC entry 2465 (class 0 OID 118648)
-- Dependencies: 202
-- Data for Name: sc_priority; Type: TABLE DATA; Schema: dmes; Owner: sipPrueba
--

INSERT INTO sc_priority (id_priority, name, description) VALUES (1, 'Alta', 'Alta');
INSERT INTO sc_priority (id_priority, name, description) VALUES (2, 'Media', 'Media');
INSERT INTO sc_priority (id_priority, name, description) VALUES (3, 'Baja', 'Baja');


--
-- TOC entry 2514 (class 0 OID 126730)
-- Dependencies: 251
-- Data for Name: sc_product_attached; Type: TABLE DATA; Schema: dmes; Owner: sipPrueba
--



--
-- TOC entry 2511 (class 0 OID 126687)
-- Dependencies: 248
-- Data for Name: sc_product_formulation; Type: TABLE DATA; Schema: dmes; Owner: sipPrueba
--



--
-- TOC entry 2512 (class 0 OID 126720)
-- Dependencies: 249
-- Data for Name: sc_product_localization; Type: TABLE DATA; Schema: dmes; Owner: sipPrueba
--



--
-- TOC entry 2466 (class 0 OID 118651)
-- Dependencies: 203
-- Data for Name: sc_roles; Type: TABLE DATA; Schema: dmes; Owner: sipPrueba
--

INSERT INTO sc_roles (id_role, name, description, creation_date, modify_date) VALUES (3, 'INGENIERO DE PRODUCCIÓN', 'Encargado de la revisión y gestión de ordenes para su aprobación', '2014-10-13', '2014-10-13');
INSERT INTO sc_roles (id_role, name, description, creation_date, modify_date) VALUES (5, 'AUXILIAR DE COMIDA', 'Auxiliar de Comida', '2014-10-13', '2014-10-13');
INSERT INTO sc_roles (id_role, name, description, creation_date, modify_date) VALUES (2, 'GESTIÓN HUMANA', 'sdddsdfdsfsddsf', '2014-10-13', '2014-10-13');
INSERT INTO sc_roles (id_role, name, description, creation_date, modify_date) VALUES (6, 'ARQUITECTO DE SOFTWARE', 'Encargado del diseño de componentes de la aplicación', '2014-10-13', '2014-10-13');
INSERT INTO sc_roles (id_role, name, description, creation_date, modify_date) VALUES (1, 'ADMINISTRATOR', 'Grupo de permisos infinitos', '2014-09-26', '2015-02-21');


--
-- TOC entry 2467 (class 0 OID 118657)
-- Dependencies: 204
-- Data for Name: sc_services_or_products; Type: TABLE DATA; Schema: dmes; Owner: sipPrueba
--



--
-- TOC entry 2468 (class 0 OID 118663)
-- Dependencies: 205
-- Data for Name: sc_store; Type: TABLE DATA; Schema: dmes; Owner: sipPrueba
--

INSERT INTO sc_store (id_store, name) VALUES (1, 'Almacen 1');
INSERT INTO sc_store (id_store, name) VALUES (2, 'Almacen 2');
INSERT INTO sc_store (id_store, name) VALUES (3, 'Almacen 3');
INSERT INTO sc_store (id_store, name) VALUES (4, 'Almacen 4');
INSERT INTO sc_store (id_store, name) VALUES (5, 'Almacen 5');


--
-- TOC entry 2469 (class 0 OID 118669)
-- Dependencies: 206
-- Data for Name: sc_tools; Type: TABLE DATA; Schema: dmes; Owner: sipPrueba
--



--
-- TOC entry 2470 (class 0 OID 118672)
-- Dependencies: 207
-- Data for Name: sc_type; Type: TABLE DATA; Schema: dmes; Owner: sipPrueba
--

INSERT INTO sc_type (id_type, type, id_class_type, creation_date, modify_date) VALUES (1, 'Eléctrica', 1, '2014-12-14', '2014-12-14');
INSERT INTO sc_type (id_type, type, id_class_type, creation_date, modify_date) VALUES (2, 'Hidráulica', 1, '2014-12-14', '2014-12-14');
INSERT INTO sc_type (id_type, type, id_class_type, creation_date, modify_date) VALUES (3, 'Alta', 2, '2014-12-14', '2014-12-14');
INSERT INTO sc_type (id_type, type, id_class_type, creation_date, modify_date) VALUES (4, 'Media', 2, '2014-12-14', '2014-12-14');
INSERT INTO sc_type (id_type, type, id_class_type, creation_date, modify_date) VALUES (5, 'Baja', 2, '2014-12-14', '2014-12-14');
INSERT INTO sc_type (id_type, type, id_class_type, creation_date, modify_date) VALUES (6, 'Dias', 3, '2014-12-14', '2014-12-14');
INSERT INTO sc_type (id_type, type, id_class_type, creation_date, modify_date) VALUES (7, 'Meses', 3, '2014-12-14', '2014-12-14');
INSERT INTO sc_type (id_type, type, id_class_type, creation_date, modify_date) VALUES (8, 'Años', 3, '2014-12-14', '2014-12-14');
INSERT INTO sc_type (id_type, type, id_class_type, creation_date, modify_date) VALUES (9, 'Pesos', 4, '2014-12-14', '2014-12-14');
INSERT INTO sc_type (id_type, type, id_class_type, creation_date, modify_date) VALUES (10, 'Dolares', 4, '2014-12-14', '2014-12-14');
INSERT INTO sc_type (id_type, type, id_class_type, creation_date, modify_date) VALUES (11, 'Euros', 4, '2014-12-14', '2014-12-14');


--
-- TOC entry 2471 (class 0 OID 118675)
-- Dependencies: 208
-- Data for Name: sc_users; Type: TABLE DATA; Schema: dmes; Owner: sipPrueba
--

INSERT INTO sc_users (id_user, id_person, id_role, login, password, creation_date, modify_date) VALUES (1, 1, 1, 'guschaor', '4e991c769a2b9a881189cd86c160b604', '2014-07-26', '2014-10-24');
INSERT INTO sc_users (id_user, id_person, id_role, login, password, creation_date, modify_date) VALUES (14, 2, 3, 'gggg', 'c1ebb4933e06ce5617483f665e26627c', '2014-11-15', '2014-11-16');
INSERT INTO sc_users (id_user, id_person, id_role, login, password, creation_date, modify_date) VALUES (16, 14, 1, 'carlos.guzman', '827ccb0eea8a706c4c34a16891f84e7b', '2014-11-30', NULL);
INSERT INTO sc_users (id_user, id_person, id_role, login, password, creation_date, modify_date) VALUES (4, 3, 1, 'yaconcha', '0525484994f3e8f42ba38c49930e356a', '2014-10-21', '2015-02-03');
INSERT INTO sc_users (id_user, id_person, id_role, login, password, creation_date, modify_date) VALUES (17, 13, 1, 'lisgirlo', '46e435b6e98cec728f5be5d4dbd97ffb', '2015-03-15', NULL);
INSERT INTO sc_users (id_user, id_person, id_role, login, password, creation_date, modify_date) VALUES (18, 11, 5, 'valentina', '3000e0a0b51c05df9739cd6c375c0330', '2015-03-15', '2015-03-15');


--
-- TOC entry 2472 (class 0 OID 118678)
-- Dependencies: 209
-- Data for Name: sc_work_experience; Type: TABLE DATA; Schema: dmes; Owner: sipPrueba
--

INSERT INTO sc_work_experience (id_work_experience, init_date, end_date, id_employee, company_name) VALUES (9, '2014-11-09', '2014-11-11', 8, 'Ip total');


--
-- TOC entry 2524 (class 0 OID 0)
-- Dependencies: 210
-- Name: sqclasstype; Type: SEQUENCE SET; Schema: dmes; Owner: sipPrueba
--

SELECT pg_catalog.setval('sqclasstype', 1, false);


--
-- TOC entry 2525 (class 0 OID 0)
-- Dependencies: 211
-- Name: sqmachine; Type: SEQUENCE SET; Schema: dmes; Owner: sipPrueba
--

SELECT pg_catalog.setval('sqmachine', 1, false);


--
-- TOC entry 2526 (class 0 OID 0)
-- Dependencies: 212
-- Name: sqsccompetencies; Type: SEQUENCE SET; Schema: dmes; Owner: sipPrueba
--

SELECT pg_catalog.setval('sqsccompetencies', 6, true);


--
-- TOC entry 2527 (class 0 OID 0)
-- Dependencies: 213
-- Name: sqsccostcenter; Type: SEQUENCE SET; Schema: dmes; Owner: sipPrueba
--

SELECT pg_catalog.setval('sqsccostcenter', 11, true);


--
-- TOC entry 2528 (class 0 OID 0)
-- Dependencies: 214
-- Name: sqscdistributionunit; Type: SEQUENCE SET; Schema: dmes; Owner: sipPrueba
--

SELECT pg_catalog.setval('sqscdistributionunit', 3, true);


--
-- TOC entry 2529 (class 0 OID 0)
-- Dependencies: 215
-- Name: sqscdocuments; Type: SEQUENCE SET; Schema: dmes; Owner: sipPrueba
--

SELECT pg_catalog.setval('sqscdocuments', 26, true);


--
-- TOC entry 2530 (class 0 OID 0)
-- Dependencies: 216
-- Name: sqscemployee; Type: SEQUENCE SET; Schema: dmes; Owner: sipPrueba
--

SELECT pg_catalog.setval('sqscemployee', 8, true);


--
-- TOC entry 2531 (class 0 OID 0)
-- Dependencies: 217
-- Name: sqscinput; Type: SEQUENCE SET; Schema: dmes; Owner: sipPrueba
--

SELECT pg_catalog.setval('sqscinput', 13, true);


--
-- TOC entry 2532 (class 0 OID 0)
-- Dependencies: 218
-- Name: sqscinputdimension; Type: SEQUENCE SET; Schema: dmes; Owner: sipPrueba
--

SELECT pg_catalog.setval('sqscinputdimension', 12, true);


--
-- TOC entry 2533 (class 0 OID 0)
-- Dependencies: 219
-- Name: sqscinputdocuments; Type: SEQUENCE SET; Schema: dmes; Owner: sipPrueba
--

SELECT pg_catalog.setval('sqscinputdocuments', 7, true);


--
-- TOC entry 2534 (class 0 OID 0)
-- Dependencies: 220
-- Name: sqscinputequivalence; Type: SEQUENCE SET; Schema: dmes; Owner: sipPrueba
--

SELECT pg_catalog.setval('sqscinputequivalence', 1, false);


--
-- TOC entry 2535 (class 0 OID 0)
-- Dependencies: 221
-- Name: sqscinputfeature; Type: SEQUENCE SET; Schema: dmes; Owner: sipPrueba
--

SELECT pg_catalog.setval('sqscinputfeature', 11, true);


--
-- TOC entry 2536 (class 0 OID 0)
-- Dependencies: 222
-- Name: sqscinputlocation; Type: SEQUENCE SET; Schema: dmes; Owner: sipPrueba
--

SELECT pg_catalog.setval('sqscinputlocation', 10, true);


--
-- TOC entry 2537 (class 0 OID 0)
-- Dependencies: 223
-- Name: sqscinputobservation; Type: SEQUENCE SET; Schema: dmes; Owner: sipPrueba
--

SELECT pg_catalog.setval('sqscinputobservation', 7, true);


--
-- TOC entry 2538 (class 0 OID 0)
-- Dependencies: 224
-- Name: sqscinputspecification; Type: SEQUENCE SET; Schema: dmes; Owner: sipPrueba
--

SELECT pg_catalog.setval('sqscinputspecification', 12, true);


--
-- TOC entry 2539 (class 0 OID 0)
-- Dependencies: 225
-- Name: sqscinputstock; Type: SEQUENCE SET; Schema: dmes; Owner: sipPrueba
--

SELECT pg_catalog.setval('sqscinputstock', 12, true);


--
-- TOC entry 2540 (class 0 OID 0)
-- Dependencies: 226
-- Name: sqscmails; Type: SEQUENCE SET; Schema: dmes; Owner: sipPrueba
--

SELECT pg_catalog.setval('sqscmails', 13, true);


--
-- TOC entry 2541 (class 0 OID 0)
-- Dependencies: 227
-- Name: sqscmaintenanceplan; Type: SEQUENCE SET; Schema: dmes; Owner: sipPrueba
--

SELECT pg_catalog.setval('sqscmaintenanceplan', 1, false);


--
-- TOC entry 2542 (class 0 OID 0)
-- Dependencies: 228
-- Name: sqscmeasure; Type: SEQUENCE SET; Schema: dmes; Owner: sipPrueba
--

SELECT pg_catalog.setval('sqscmeasure', 4, true);


--
-- TOC entry 2543 (class 0 OID 0)
-- Dependencies: 229
-- Name: sqscmodulespermissionbyrole; Type: SEQUENCE SET; Schema: dmes; Owner: sipPrueba
--

SELECT pg_catalog.setval('sqscmodulespermissionbyrole', 389, true);


--
-- TOC entry 2544 (class 0 OID 0)
-- Dependencies: 230
-- Name: sqscmoney; Type: SEQUENCE SET; Schema: dmes; Owner: sipPrueba
--

SELECT pg_catalog.setval('sqscmoney', 1, false);


--
-- TOC entry 2545 (class 0 OID 0)
-- Dependencies: 231
-- Name: sqscoperatingconditions; Type: SEQUENCE SET; Schema: dmes; Owner: sipPrueba
--

SELECT pg_catalog.setval('sqscoperatingconditions', 1, false);


--
-- TOC entry 2546 (class 0 OID 0)
-- Dependencies: 232
-- Name: sqscpackingunit; Type: SEQUENCE SET; Schema: dmes; Owner: sipPrueba
--

SELECT pg_catalog.setval('sqscpackingunit', 7, true);


--
-- TOC entry 2547 (class 0 OID 0)
-- Dependencies: 233
-- Name: sqscpartners; Type: SEQUENCE SET; Schema: dmes; Owner: sipPrueba
--

SELECT pg_catalog.setval('sqscpartners', 15, true);


--
-- TOC entry 2548 (class 0 OID 0)
-- Dependencies: 234
-- Name: sqscpartsandconsumables; Type: SEQUENCE SET; Schema: dmes; Owner: sipPrueba
--

SELECT pg_catalog.setval('sqscpartsandconsumables', 1, false);


--
-- TOC entry 2549 (class 0 OID 0)
-- Dependencies: 235
-- Name: sqscpersondocumentationattached; Type: SEQUENCE SET; Schema: dmes; Owner: sipPrueba
--

SELECT pg_catalog.setval('sqscpersondocumentationattached', 6, false);


--
-- TOC entry 2550 (class 0 OID 0)
-- Dependencies: 236
-- Name: sqscpersonobservations; Type: SEQUENCE SET; Schema: dmes; Owner: sipPrueba
--

SELECT pg_catalog.setval('sqscpersonobservations', 12, true);


--
-- TOC entry 2551 (class 0 OID 0)
-- Dependencies: 237
-- Name: sqscpersons; Type: SEQUENCE SET; Schema: dmes; Owner: sipPrueba
--

SELECT pg_catalog.setval('sqscpersons', 14, true);


--
-- TOC entry 2552 (class 0 OID 0)
-- Dependencies: 238
-- Name: sqscpersonspecifications; Type: SEQUENCE SET; Schema: dmes; Owner: sipPrueba
--

SELECT pg_catalog.setval('sqscpersonspecifications', 11, true);


--
-- TOC entry 2553 (class 0 OID 0)
-- Dependencies: 239
-- Name: sqscphones; Type: SEQUENCE SET; Schema: dmes; Owner: sipPrueba
--

SELECT pg_catalog.setval('sqscphones', 15, true);


--
-- TOC entry 2554 (class 0 OID 0)
-- Dependencies: 240
-- Name: sqscphoto; Type: SEQUENCE SET; Schema: dmes; Owner: sipPrueba
--

SELECT pg_catalog.setval('sqscphoto', 1, false);


--
-- TOC entry 2555 (class 0 OID 0)
-- Dependencies: 252
-- Name: sqscproductattached; Type: SEQUENCE SET; Schema: dmes; Owner: sipPrueba
--

SELECT pg_catalog.setval('sqscproductattached', 1, false);


--
-- TOC entry 2556 (class 0 OID 0)
-- Dependencies: 250
-- Name: sqscproductformulation; Type: SEQUENCE SET; Schema: dmes; Owner: sipPrueba
--

SELECT pg_catalog.setval('sqscproductformulation', 1, false);


--
-- TOC entry 2557 (class 0 OID 0)
-- Dependencies: 241
-- Name: sqscroles; Type: SEQUENCE SET; Schema: dmes; Owner: sipPrueba
--

SELECT pg_catalog.setval('sqscroles', 6, true);


--
-- TOC entry 2558 (class 0 OID 0)
-- Dependencies: 242
-- Name: sqscservicesorproducts; Type: SEQUENCE SET; Schema: dmes; Owner: sipPrueba
--

SELECT pg_catalog.setval('sqscservicesorproducts', 15, false);


--
-- TOC entry 2559 (class 0 OID 0)
-- Dependencies: 243
-- Name: sqscstore; Type: SEQUENCE SET; Schema: dmes; Owner: sipPrueba
--

SELECT pg_catalog.setval('sqscstore', 1, false);


--
-- TOC entry 2560 (class 0 OID 0)
-- Dependencies: 244
-- Name: sqsctools; Type: SEQUENCE SET; Schema: dmes; Owner: sipPrueba
--

SELECT pg_catalog.setval('sqsctools', 1, false);


--
-- TOC entry 2561 (class 0 OID 0)
-- Dependencies: 245
-- Name: sqscusers; Type: SEQUENCE SET; Schema: dmes; Owner: sipPrueba
--

SELECT pg_catalog.setval('sqscusers', 18, true);


--
-- TOC entry 2562 (class 0 OID 0)
-- Dependencies: 246
-- Name: sqscworkexperience; Type: SEQUENCE SET; Schema: dmes; Owner: sipPrueba
--

SELECT pg_catalog.setval('sqscworkexperience', 9, true);


--
-- TOC entry 2563 (class 0 OID 0)
-- Dependencies: 247
-- Name: sqtype; Type: SEQUENCE SET; Schema: dmes; Owner: sipPrueba
--

SELECT pg_catalog.setval('sqtype', 1, false);


--
-- TOC entry 2179 (class 2606 OID 118759)
-- Name: PK_DISTRIBUTION_UNIT; Type: CONSTRAINT; Schema: dmes; Owner: sipPrueba; Tablespace: 
--

ALTER TABLE ONLY sc_distribution_unit
    ADD CONSTRAINT "PK_DISTRIBUTION_UNIT" PRIMARY KEY (id_distribution_unit);


--
-- TOC entry 2187 (class 2606 OID 118761)
-- Name: PK_INPUT_DIMENSION; Type: CONSTRAINT; Schema: dmes; Owner: sipPrueba; Tablespace: 
--

ALTER TABLE ONLY sc_input_dimension
    ADD CONSTRAINT "PK_INPUT_DIMENSION" PRIMARY KEY (id_input_dimension);


--
-- TOC entry 2191 (class 2606 OID 118763)
-- Name: PK_INPUT_EQUIVALENCES; Type: CONSTRAINT; Schema: dmes; Owner: sipPrueba; Tablespace: 
--

ALTER TABLE ONLY sc_input_equivalence
    ADD CONSTRAINT "PK_INPUT_EQUIVALENCES" PRIMARY KEY (id_input_equivalence);


--
-- TOC entry 2195 (class 2606 OID 118765)
-- Name: PK_INPUT_LOCATION; Type: CONSTRAINT; Schema: dmes; Owner: sipPrueba; Tablespace: 
--

ALTER TABLE ONLY sc_input_location
    ADD CONSTRAINT "PK_INPUT_LOCATION" PRIMARY KEY (id_input_location);


--
-- TOC entry 2201 (class 2606 OID 118767)
-- Name: PK_INPUT_STOCK; Type: CONSTRAINT; Schema: dmes; Owner: sipPrueba; Tablespace: 
--

ALTER TABLE ONLY sc_input_stock
    ADD CONSTRAINT "PK_INPUT_STOCK" PRIMARY KEY (id_input_stock);


--
-- TOC entry 2263 (class 2606 OID 126737)
-- Name: PK_PRODUCT_ATTACHED; Type: CONSTRAINT; Schema: dmes; Owner: sipPrueba; Tablespace: 
--

ALTER TABLE ONLY sc_product_attached
    ADD CONSTRAINT "PK_PRODUCT_ATTACHED" PRIMARY KEY (id_product_attached);


--
-- TOC entry 2261 (class 2606 OID 126727)
-- Name: PK_PRODUCT_LOCALIZATION; Type: CONSTRAINT; Schema: dmes; Owner: sipPrueba; Tablespace: 
--

ALTER TABLE ONLY sc_product_localization
    ADD CONSTRAINT "PK_PRODUCT_LOCALIZATION" PRIMARY KEY (id_product_localization);


--
-- TOC entry 2175 (class 2606 OID 118769)
-- Name: PK_SC_CONSTANTS_LOAD_FILES; Type: CONSTRAINT; Schema: dmes; Owner: sipPrueba; Tablespace: 
--

ALTER TABLE ONLY sc_constants_load_files
    ADD CONSTRAINT "PK_SC_CONSTANTS_LOAD_FILES" PRIMARY KEY (id_constants_load_file);


--
-- TOC entry 2185 (class 2606 OID 118771)
-- Name: PK_SC_INPUT; Type: CONSTRAINT; Schema: dmes; Owner: sipPrueba; Tablespace: 
--

ALTER TABLE ONLY sc_input
    ADD CONSTRAINT "PK_SC_INPUT" PRIMARY KEY (id_input);


--
-- TOC entry 2189 (class 2606 OID 118773)
-- Name: PK_SC_INPUT_DOCUMENTS; Type: CONSTRAINT; Schema: dmes; Owner: sipPrueba; Tablespace: 
--

ALTER TABLE ONLY sc_input_documents
    ADD CONSTRAINT "PK_SC_INPUT_DOCUMENTS" PRIMARY KEY (id_input_documents);


--
-- TOC entry 2193 (class 2606 OID 118775)
-- Name: PK_SC_INPUT_FEATURES; Type: CONSTRAINT; Schema: dmes; Owner: sipPrueba; Tablespace: 
--

ALTER TABLE ONLY sc_input_feactures
    ADD CONSTRAINT "PK_SC_INPUT_FEATURES" PRIMARY KEY (id_input_feactures);


--
-- TOC entry 2197 (class 2606 OID 118777)
-- Name: PK_SC_INPUT_OBSERVATIONS; Type: CONSTRAINT; Schema: dmes; Owner: sipPrueba; Tablespace: 
--

ALTER TABLE ONLY sc_input_observations
    ADD CONSTRAINT "PK_SC_INPUT_OBSERVATIONS" PRIMARY KEY (id_input_observation);


--
-- TOC entry 2199 (class 2606 OID 118779)
-- Name: PK_SC_INPUT_SPECIFICATIONS; Type: CONSTRAINT; Schema: dmes; Owner: sipPrueba; Tablespace: 
--

ALTER TABLE ONLY sc_input_specifications
    ADD CONSTRAINT "PK_SC_INPUT_SPECIFICATIONS" PRIMARY KEY (id_input_specifications);


--
-- TOC entry 2217 (class 2606 OID 118781)
-- Name: PK_SC_M0NEY; Type: CONSTRAINT; Schema: dmes; Owner: sipPrueba; Tablespace: 
--

ALTER TABLE ONLY sc_money
    ADD CONSTRAINT "PK_SC_M0NEY" PRIMARY KEY (id_money);


--
-- TOC entry 2209 (class 2606 OID 118783)
-- Name: PK_SC_MEASURE; Type: CONSTRAINT; Schema: dmes; Owner: sipPrueba; Tablespace: 
--

ALTER TABLE ONLY sc_measure_unit
    ADD CONSTRAINT "PK_SC_MEASURE" PRIMARY KEY (id_measure);


--
-- TOC entry 2221 (class 2606 OID 118785)
-- Name: PK_SC_PACKING; Type: CONSTRAINT; Schema: dmes; Owner: sipPrueba; Tablespace: 
--

ALTER TABLE ONLY sc_packing_unit
    ADD CONSTRAINT "PK_SC_PACKING" PRIMARY KEY (id_packing);


--
-- TOC entry 2239 (class 2606 OID 118787)
-- Name: PK_SC_PRIORITY; Type: CONSTRAINT; Schema: dmes; Owner: sipPrueba; Tablespace: 
--

ALTER TABLE ONLY sc_priority
    ADD CONSTRAINT "PK_SC_PRIORITY" PRIMARY KEY (id_priority);


--
-- TOC entry 2259 (class 2606 OID 126694)
-- Name: PK_SC_PRODUCT_FORMULATION; Type: CONSTRAINT; Schema: dmes; Owner: sipPrueba; Tablespace: 
--

ALTER TABLE ONLY sc_product_formulation
    ADD CONSTRAINT "PK_SC_PRODUCT_FORMULATION" PRIMARY KEY (id_product_formulation);


--
-- TOC entry 2247 (class 2606 OID 118789)
-- Name: PK_SC_STORE; Type: CONSTRAINT; Schema: dmes; Owner: sipPrueba; Tablespace: 
--

ALTER TABLE ONLY sc_store
    ADD CONSTRAINT "PK_SC_STORE" PRIMARY KEY (id_store);


--
-- TOC entry 2227 (class 2606 OID 118791)
-- Name: UK_IDENTIFICATION; Type: CONSTRAINT; Schema: dmes; Owner: sipPrueba; Tablespace: 
--

ALTER TABLE ONLY sc_person
    ADD CONSTRAINT "UK_IDENTIFICATION" UNIQUE (identification);


--
-- TOC entry 2241 (class 2606 OID 118793)
-- Name: UK_ROLENAME; Type: CONSTRAINT; Schema: dmes; Owner: sipPrueba; Tablespace: 
--

ALTER TABLE ONLY sc_roles
    ADD CONSTRAINT "UK_ROLENAME" UNIQUE (name);


--
-- TOC entry 2213 (class 2606 OID 118795)
-- Name: UK_SC_ROLES_SC_MODULE_PERMISSION; Type: CONSTRAINT; Schema: dmes; Owner: sipPrueba; Tablespace: 
--

ALTER TABLE ONLY sc_module_permission_by_role
    ADD CONSTRAINT "UK_SC_ROLES_SC_MODULE_PERMISSION" UNIQUE (id_role, id_module_permission);


--
-- TOC entry 2253 (class 2606 OID 118797)
-- Name: UK_USERNAME; Type: CONSTRAINT; Schema: dmes; Owner: sipPrueba; Tablespace: 
--

ALTER TABLE ONLY sc_users
    ADD CONSTRAINT "UK_USERNAME" UNIQUE (login);


--
-- TOC entry 2171 (class 2606 OID 118799)
-- Name: pk_class_type; Type: CONSTRAINT; Schema: dmes; Owner: sipPrueba; Tablespace: 
--

ALTER TABLE ONLY sc_class_type
    ADD CONSTRAINT pk_class_type PRIMARY KEY (id_class_type);


--
-- TOC entry 2173 (class 2606 OID 118801)
-- Name: pk_competencies; Type: CONSTRAINT; Schema: dmes; Owner: sipPrueba; Tablespace: 
--

ALTER TABLE ONLY sc_competencies
    ADD CONSTRAINT pk_competencies PRIMARY KEY (id_competencies);


--
-- TOC entry 2177 (class 2606 OID 118803)
-- Name: pk_cost_center; Type: CONSTRAINT; Schema: dmes; Owner: sipPrueba; Tablespace: 
--

ALTER TABLE ONLY sc_cost_center
    ADD CONSTRAINT pk_cost_center PRIMARY KEY (id_cost_center);


--
-- TOC entry 2181 (class 2606 OID 118805)
-- Name: pk_document; Type: CONSTRAINT; Schema: dmes; Owner: sipPrueba; Tablespace: 
--

ALTER TABLE ONLY sc_documents
    ADD CONSTRAINT pk_document PRIMARY KEY (id_document);


--
-- TOC entry 2183 (class 2606 OID 118807)
-- Name: pk_employee; Type: CONSTRAINT; Schema: dmes; Owner: sipPrueba; Tablespace: 
--

ALTER TABLE ONLY sc_employee
    ADD CONSTRAINT pk_employee PRIMARY KEY (id_employee);


--
-- TOC entry 2203 (class 2606 OID 118809)
-- Name: pk_machine; Type: CONSTRAINT; Schema: dmes; Owner: sipPrueba; Tablespace: 
--

ALTER TABLE ONLY sc_machine
    ADD CONSTRAINT pk_machine PRIMARY KEY (id_machine);


--
-- TOC entry 2205 (class 2606 OID 118811)
-- Name: pk_mails; Type: CONSTRAINT; Schema: dmes; Owner: sipPrueba; Tablespace: 
--

ALTER TABLE ONLY sc_mails
    ADD CONSTRAINT pk_mails PRIMARY KEY (id_mail);


--
-- TOC entry 2207 (class 2606 OID 118813)
-- Name: pk_maintenance_plan; Type: CONSTRAINT; Schema: dmes; Owner: sipPrueba; Tablespace: 
--

ALTER TABLE ONLY sc_maintenance_plan
    ADD CONSTRAINT pk_maintenance_plan PRIMARY KEY (id_maintenance_plan);


--
-- TOC entry 2215 (class 2606 OID 118815)
-- Name: pk_module_permission_by_role; Type: CONSTRAINT; Schema: dmes; Owner: sipPrueba; Tablespace: 
--

ALTER TABLE ONLY sc_module_permission_by_role
    ADD CONSTRAINT pk_module_permission_by_role PRIMARY KEY (id_module_permission_by_role);


--
-- TOC entry 2219 (class 2606 OID 118817)
-- Name: pk_operatin_condition; Type: CONSTRAINT; Schema: dmes; Owner: sipPrueba; Tablespace: 
--

ALTER TABLE ONLY sc_operating_conditions
    ADD CONSTRAINT pk_operatin_condition PRIMARY KEY (id_operating_condition);


--
-- TOC entry 2223 (class 2606 OID 118819)
-- Name: pk_partner; Type: CONSTRAINT; Schema: dmes; Owner: sipPrueba; Tablespace: 
--

ALTER TABLE ONLY sc_partner
    ADD CONSTRAINT pk_partner PRIMARY KEY (id_partner);


--
-- TOC entry 2225 (class 2606 OID 118821)
-- Name: pk_parts_and_consumables; Type: CONSTRAINT; Schema: dmes; Owner: sipPrueba; Tablespace: 
--

ALTER TABLE ONLY sc_parts_and_consumables
    ADD CONSTRAINT pk_parts_and_consumables PRIMARY KEY (id_parts_and_consumables);


--
-- TOC entry 2229 (class 2606 OID 118823)
-- Name: pk_person; Type: CONSTRAINT; Schema: dmes; Owner: sipPrueba; Tablespace: 
--

ALTER TABLE ONLY sc_person
    ADD CONSTRAINT pk_person PRIMARY KEY (id_person);


--
-- TOC entry 2231 (class 2606 OID 118825)
-- Name: pk_person_observations; Type: CONSTRAINT; Schema: dmes; Owner: sipPrueba; Tablespace: 
--

ALTER TABLE ONLY sc_person_observations
    ADD CONSTRAINT pk_person_observations PRIMARY KEY (id_person_observations);


--
-- TOC entry 2233 (class 2606 OID 118827)
-- Name: pk_person_specifications; Type: CONSTRAINT; Schema: dmes; Owner: sipPrueba; Tablespace: 
--

ALTER TABLE ONLY sc_person_specifications
    ADD CONSTRAINT pk_person_specifications PRIMARY KEY (id_person_specifications);


--
-- TOC entry 2235 (class 2606 OID 118829)
-- Name: pk_phones; Type: CONSTRAINT; Schema: dmes; Owner: sipPrueba; Tablespace: 
--

ALTER TABLE ONLY sc_phones
    ADD CONSTRAINT pk_phones PRIMARY KEY (id_phone);


--
-- TOC entry 2237 (class 2606 OID 118831)
-- Name: pk_photo; Type: CONSTRAINT; Schema: dmes; Owner: sipPrueba; Tablespace: 
--

ALTER TABLE ONLY sc_photo
    ADD CONSTRAINT pk_photo PRIMARY KEY (id_photo);


--
-- TOC entry 2211 (class 2606 OID 118833)
-- Name: pk_sc_module_permission; Type: CONSTRAINT; Schema: dmes; Owner: sipPrueba; Tablespace: 
--

ALTER TABLE ONLY sc_module_permission
    ADD CONSTRAINT pk_sc_module_permission PRIMARY KEY (id_module_permission);


--
-- TOC entry 2243 (class 2606 OID 118835)
-- Name: pk_sc_roles; Type: CONSTRAINT; Schema: dmes; Owner: sipPrueba; Tablespace: 
--

ALTER TABLE ONLY sc_roles
    ADD CONSTRAINT pk_sc_roles PRIMARY KEY (id_role);


--
-- TOC entry 2245 (class 2606 OID 118837)
-- Name: pk_service_or_product; Type: CONSTRAINT; Schema: dmes; Owner: sipPrueba; Tablespace: 
--

ALTER TABLE ONLY sc_services_or_products
    ADD CONSTRAINT pk_service_or_product PRIMARY KEY (id_service_or_products);


--
-- TOC entry 2249 (class 2606 OID 118839)
-- Name: pk_tool; Type: CONSTRAINT; Schema: dmes; Owner: sipPrueba; Tablespace: 
--

ALTER TABLE ONLY sc_tools
    ADD CONSTRAINT pk_tool PRIMARY KEY (id_tool);


--
-- TOC entry 2251 (class 2606 OID 118841)
-- Name: pk_type; Type: CONSTRAINT; Schema: dmes; Owner: sipPrueba; Tablespace: 
--

ALTER TABLE ONLY sc_type
    ADD CONSTRAINT pk_type PRIMARY KEY (id_type);


--
-- TOC entry 2255 (class 2606 OID 118843)
-- Name: pk_users; Type: CONSTRAINT; Schema: dmes; Owner: sipPrueba; Tablespace: 
--

ALTER TABLE ONLY sc_users
    ADD CONSTRAINT pk_users PRIMARY KEY (id_user);


--
-- TOC entry 2257 (class 2606 OID 118845)
-- Name: pk_work_experience; Type: CONSTRAINT; Schema: dmes; Owner: sipPrueba; Tablespace: 
--

ALTER TABLE ONLY sc_work_experience
    ADD CONSTRAINT pk_work_experience PRIMARY KEY (id_work_experience);


--
-- TOC entry 2267 (class 2606 OID 118846)
-- Name: FK_CENTER_COST_INPUT; Type: FK CONSTRAINT; Schema: dmes; Owner: sipPrueba
--

ALTER TABLE ONLY sc_input
    ADD CONSTRAINT "FK_CENTER_COST_INPUT" FOREIGN KEY (cost_center) REFERENCES sc_cost_center(id_cost_center);


--
-- TOC entry 2277 (class 2606 OID 118851)
-- Name: FK_INPUT_EQUIVALENCE; Type: FK CONSTRAINT; Schema: dmes; Owner: sipPrueba
--

ALTER TABLE ONLY sc_input_equivalence
    ADD CONSTRAINT "FK_INPUT_EQUIVALENCE" FOREIGN KEY (id_input) REFERENCES sc_input(id_input);


--
-- TOC entry 2278 (class 2606 OID 118856)
-- Name: FK_INPUT_FEACTURES; Type: FK CONSTRAINT; Schema: dmes; Owner: sipPrueba
--

ALTER TABLE ONLY sc_input_feactures
    ADD CONSTRAINT "FK_INPUT_FEACTURES" FOREIGN KEY (id_input) REFERENCES sc_input(id_input);


--
-- TOC entry 2268 (class 2606 OID 118861)
-- Name: FK_INPUT_LOCATION; Type: FK CONSTRAINT; Schema: dmes; Owner: sipPrueba
--

ALTER TABLE ONLY sc_input
    ADD CONSTRAINT "FK_INPUT_LOCATION" FOREIGN KEY (id_input_location) REFERENCES sc_input_location(id_input_location);


--
-- TOC entry 2279 (class 2606 OID 118866)
-- Name: FK_INPUT_OBSERVATIONS; Type: FK CONSTRAINT; Schema: dmes; Owner: sipPrueba
--

ALTER TABLE ONLY sc_input_observations
    ADD CONSTRAINT "FK_INPUT_OBSERVATIONS" FOREIGN KEY (id_input) REFERENCES sc_input(id_input);


--
-- TOC entry 2280 (class 2606 OID 118871)
-- Name: FK_INPUT_SPECIFICATIONS; Type: FK CONSTRAINT; Schema: dmes; Owner: sipPrueba
--

ALTER TABLE ONLY sc_input_specifications
    ADD CONSTRAINT "FK_INPUT_SPECIFICATIONS" FOREIGN KEY (id_input) REFERENCES sc_input(id_input);


--
-- TOC entry 2269 (class 2606 OID 118876)
-- Name: FK_INPUT_STOCK; Type: FK CONSTRAINT; Schema: dmes; Owner: sipPrueba
--

ALTER TABLE ONLY sc_input
    ADD CONSTRAINT "FK_INPUT_STOCK" FOREIGN KEY (id_input_stock) REFERENCES sc_input_stock(id_input_stock);


--
-- TOC entry 2281 (class 2606 OID 118881)
-- Name: FK_INPUT_STOCK_STORE; Type: FK CONSTRAINT; Schema: dmes; Owner: sipPrueba
--

ALTER TABLE ONLY sc_input_stock
    ADD CONSTRAINT "FK_INPUT_STOCK_STORE" FOREIGN KEY (id_store) REFERENCES sc_store(id_store);


--
-- TOC entry 2325 (class 2606 OID 126738)
-- Name: FK_PRODUCT_FORMULATION_ATTACHED; Type: FK CONSTRAINT; Schema: dmes; Owner: sipPrueba
--

ALTER TABLE ONLY sc_product_attached
    ADD CONSTRAINT "FK_PRODUCT_FORMULATION_ATTACHED" FOREIGN KEY (id_product_formulation) REFERENCES sc_product_formulation(id_product_formulation);


--
-- TOC entry 2322 (class 2606 OID 126705)
-- Name: FK_PRODUCT_FORMULATION_COST_CENTER; Type: FK CONSTRAINT; Schema: dmes; Owner: sipPrueba
--

ALTER TABLE ONLY sc_product_formulation
    ADD CONSTRAINT "FK_PRODUCT_FORMULATION_COST_CENTER" FOREIGN KEY (id_cost_center) REFERENCES sc_cost_center(id_cost_center);


--
-- TOC entry 2323 (class 2606 OID 126710)
-- Name: FK_PRODUCT_FORMULATION_MONEY; Type: FK CONSTRAINT; Schema: dmes; Owner: sipPrueba
--

ALTER TABLE ONLY sc_product_formulation
    ADD CONSTRAINT "FK_PRODUCT_FORMULATION_MONEY" FOREIGN KEY (id_money) REFERENCES sc_money(id_money);


--
-- TOC entry 2320 (class 2606 OID 126695)
-- Name: FK_PRODUCT_FORMULATION_PACKING; Type: FK CONSTRAINT; Schema: dmes; Owner: sipPrueba
--

ALTER TABLE ONLY sc_product_formulation
    ADD CONSTRAINT "FK_PRODUCT_FORMULATION_PACKING" FOREIGN KEY (id_packing) REFERENCES sc_packing_unit(id_packing);


--
-- TOC entry 2324 (class 2606 OID 126715)
-- Name: FK_PRODUCT_FORMULATION_PARTNER; Type: FK CONSTRAINT; Schema: dmes; Owner: sipPrueba
--

ALTER TABLE ONLY sc_product_formulation
    ADD CONSTRAINT "FK_PRODUCT_FORMULATION_PARTNER" FOREIGN KEY (id_partner) REFERENCES sc_partner(id_partner);


--
-- TOC entry 2321 (class 2606 OID 126700)
-- Name: FK_PRODUCT_FORMULATION_PRIORITY; Type: FK CONSTRAINT; Schema: dmes; Owner: sipPrueba
--

ALTER TABLE ONLY sc_product_formulation
    ADD CONSTRAINT "FK_PRODUCT_FORMULATION_PRIORITY" FOREIGN KEY (id_priority) REFERENCES sc_priority(id_priority);


--
-- TOC entry 2270 (class 2606 OID 118886)
-- Name: FK_SC_INPUT_DISTRIBUTION_UNIT; Type: FK CONSTRAINT; Schema: dmes; Owner: sipPrueba
--

ALTER TABLE ONLY sc_input
    ADD CONSTRAINT "FK_SC_INPUT_DISTRIBUTION_UNIT" FOREIGN KEY (id_distribution_unit) REFERENCES sc_distribution_unit(id_distribution_unit);


--
-- TOC entry 2276 (class 2606 OID 118891)
-- Name: FK_SC_INPUT_DOCUMENTS_INPUT; Type: FK CONSTRAINT; Schema: dmes; Owner: sipPrueba
--

ALTER TABLE ONLY sc_input_documents
    ADD CONSTRAINT "FK_SC_INPUT_DOCUMENTS_INPUT" FOREIGN KEY (id_input) REFERENCES sc_input(id_input);


--
-- TOC entry 2271 (class 2606 OID 118896)
-- Name: FK_SC_INPUT_MONEY; Type: FK CONSTRAINT; Schema: dmes; Owner: sipPrueba
--

ALTER TABLE ONLY sc_input
    ADD CONSTRAINT "FK_SC_INPUT_MONEY" FOREIGN KEY (id_money) REFERENCES sc_money(id_money);


--
-- TOC entry 2272 (class 2606 OID 118901)
-- Name: FK_SC_INPUT_PACKING_UNIT; Type: FK CONSTRAINT; Schema: dmes; Owner: sipPrueba
--

ALTER TABLE ONLY sc_input
    ADD CONSTRAINT "FK_SC_INPUT_PACKING_UNIT" FOREIGN KEY (id_packing) REFERENCES sc_packing_unit(id_packing);


--
-- TOC entry 2273 (class 2606 OID 118906)
-- Name: FK_SC_INPUT_SC_DIMENSION; Type: FK CONSTRAINT; Schema: dmes; Owner: sipPrueba
--

ALTER TABLE ONLY sc_input
    ADD CONSTRAINT "FK_SC_INPUT_SC_DIMENSION" FOREIGN KEY (id_input_dimension) REFERENCES sc_input_dimension(id_input_dimension);


--
-- TOC entry 2274 (class 2606 OID 118911)
-- Name: FK_SC_INPUT_SC_PRIORITY; Type: FK CONSTRAINT; Schema: dmes; Owner: sipPrueba
--

ALTER TABLE ONLY sc_input
    ADD CONSTRAINT "FK_SC_INPUT_SC_PRIORITY" FOREIGN KEY (id_priority) REFERENCES sc_priority(id_priority);


--
-- TOC entry 2275 (class 2606 OID 118916)
-- Name: FK_SUPPLIER_PARTNERS; Type: FK CONSTRAINT; Schema: dmes; Owner: sipPrueba
--

ALTER TABLE ONLY sc_input
    ADD CONSTRAINT "FK_SUPPLIER_PARTNERS" FOREIGN KEY (supplier_guarantee) REFERENCES sc_partner(id_partner);


--
-- TOC entry 2266 (class 2606 OID 118921)
-- Name: fk_employee_person; Type: FK CONSTRAINT; Schema: dmes; Owner: sipPrueba
--

ALTER TABLE ONLY sc_employee
    ADD CONSTRAINT fk_employee_person FOREIGN KEY (id_person) REFERENCES sc_person(id_person);


--
-- TOC entry 2307 (class 2606 OID 118926)
-- Name: fk_machine; Type: FK CONSTRAINT; Schema: dmes; Owner: sipPrueba
--

ALTER TABLE ONLY sc_operating_conditions
    ADD CONSTRAINT fk_machine FOREIGN KEY (id_operating_condition) REFERENCES sc_machine(id_machine);


--
-- TOC entry 2282 (class 2606 OID 118931)
-- Name: fk_machine; Type: FK CONSTRAINT; Schema: dmes; Owner: sipPrueba
--

ALTER TABLE ONLY sc_machine
    ADD CONSTRAINT fk_machine FOREIGN KEY (id_machine_father) REFERENCES sc_machine(id_machine);


--
-- TOC entry 2297 (class 2606 OID 118936)
-- Name: fk_machine; Type: FK CONSTRAINT; Schema: dmes; Owner: sipPrueba
--

ALTER TABLE ONLY sc_maintenance_plan
    ADD CONSTRAINT fk_machine FOREIGN KEY (id_machine) REFERENCES sc_machine(id_machine);


--
-- TOC entry 2283 (class 2606 OID 118941)
-- Name: fk_machine_cost_center; Type: FK CONSTRAINT; Schema: dmes; Owner: sipPrueba
--

ALTER TABLE ONLY sc_machine
    ADD CONSTRAINT fk_machine_cost_center FOREIGN KEY (id_cost_center) REFERENCES sc_cost_center(id_cost_center);


--
-- TOC entry 2284 (class 2606 OID 118946)
-- Name: fk_machine_partner; Type: FK CONSTRAINT; Schema: dmes; Owner: sipPrueba
--

ALTER TABLE ONLY sc_machine
    ADD CONSTRAINT fk_machine_partner FOREIGN KEY (id_partner) REFERENCES sc_partner(id_partner);


--
-- TOC entry 2285 (class 2606 OID 118951)
-- Name: fk_machine_potential; Type: FK CONSTRAINT; Schema: dmes; Owner: sipPrueba
--

ALTER TABLE ONLY sc_machine
    ADD CONSTRAINT fk_machine_potential FOREIGN KEY (id_type_potential) REFERENCES sc_type(id_type);


--
-- TOC entry 2286 (class 2606 OID 118956)
-- Name: fk_machine_type; Type: FK CONSTRAINT; Schema: dmes; Owner: sipPrueba
--

ALTER TABLE ONLY sc_machine
    ADD CONSTRAINT fk_machine_type FOREIGN KEY (id_type_classification) REFERENCES sc_type(id_type);


--
-- TOC entry 2287 (class 2606 OID 118961)
-- Name: fk_machine_type1; Type: FK CONSTRAINT; Schema: dmes; Owner: sipPrueba
--

ALTER TABLE ONLY sc_machine
    ADD CONSTRAINT fk_machine_type1 FOREIGN KEY (id_type_cost) REFERENCES sc_type(id_type);


--
-- TOC entry 2288 (class 2606 OID 118966)
-- Name: fk_machine_type10; Type: FK CONSTRAINT; Schema: dmes; Owner: sipPrueba
--

ALTER TABLE ONLY sc_machine
    ADD CONSTRAINT fk_machine_type10 FOREIGN KEY (id_type_current) REFERENCES sc_type(id_type);


--
-- TOC entry 2289 (class 2606 OID 118971)
-- Name: fk_machine_type3; Type: FK CONSTRAINT; Schema: dmes; Owner: sipPrueba
--

ALTER TABLE ONLY sc_machine
    ADD CONSTRAINT fk_machine_type3 FOREIGN KEY (id_type_priority) REFERENCES sc_type(id_type);


--
-- TOC entry 2290 (class 2606 OID 118976)
-- Name: fk_machine_type4; Type: FK CONSTRAINT; Schema: dmes; Owner: sipPrueba
--

ALTER TABLE ONLY sc_machine
    ADD CONSTRAINT fk_machine_type4 FOREIGN KEY (id_type_lifespan) REFERENCES sc_type(id_type);


--
-- TOC entry 2291 (class 2606 OID 118981)
-- Name: fk_machine_type5; Type: FK CONSTRAINT; Schema: dmes; Owner: sipPrueba
--

ALTER TABLE ONLY sc_machine
    ADD CONSTRAINT fk_machine_type5 FOREIGN KEY (id_type_weight) REFERENCES sc_type(id_type);


--
-- TOC entry 2292 (class 2606 OID 118986)
-- Name: fk_machine_type6; Type: FK CONSTRAINT; Schema: dmes; Owner: sipPrueba
--

ALTER TABLE ONLY sc_machine
    ADD CONSTRAINT fk_machine_type6 FOREIGN KEY (id_type_high) REFERENCES sc_type(id_type);


--
-- TOC entry 2293 (class 2606 OID 118991)
-- Name: fk_machine_type7; Type: FK CONSTRAINT; Schema: dmes; Owner: sipPrueba
--

ALTER TABLE ONLY sc_machine
    ADD CONSTRAINT fk_machine_type7 FOREIGN KEY (id_type_width) REFERENCES sc_type(id_type);


--
-- TOC entry 2294 (class 2606 OID 118996)
-- Name: fk_machine_type8; Type: FK CONSTRAINT; Schema: dmes; Owner: sipPrueba
--

ALTER TABLE ONLY sc_machine
    ADD CONSTRAINT fk_machine_type8 FOREIGN KEY (id_type_long) REFERENCES sc_type(id_type);


--
-- TOC entry 2295 (class 2606 OID 119001)
-- Name: fk_machine_type9; Type: FK CONSTRAINT; Schema: dmes; Owner: sipPrueba
--

ALTER TABLE ONLY sc_machine
    ADD CONSTRAINT fk_machine_type9 FOREIGN KEY (id_type_voltage) REFERENCES sc_type(id_type);


--
-- TOC entry 2296 (class 2606 OID 119006)
-- Name: fk_mails_person; Type: FK CONSTRAINT; Schema: dmes; Owner: sipPrueba
--

ALTER TABLE ONLY sc_mails
    ADD CONSTRAINT fk_mails_person FOREIGN KEY (id_person) REFERENCES sc_person(id_person);


--
-- TOC entry 2305 (class 2606 OID 119011)
-- Name: fk_module_permission; Type: FK CONSTRAINT; Schema: dmes; Owner: sipPrueba
--

ALTER TABLE ONLY sc_module_permission_by_role
    ADD CONSTRAINT fk_module_permission FOREIGN KEY (id_module_permission) REFERENCES sc_module_permission(id_module_permission);


--
-- TOC entry 2306 (class 2606 OID 119016)
-- Name: fk_module_permission_by_role_for_role; Type: FK CONSTRAINT; Schema: dmes; Owner: sipPrueba
--

ALTER TABLE ONLY sc_module_permission_by_role
    ADD CONSTRAINT fk_module_permission_by_role_for_role FOREIGN KEY (id_role) REFERENCES sc_roles(id_role);


--
-- TOC entry 2308 (class 2606 OID 119021)
-- Name: fk_partner_person; Type: FK CONSTRAINT; Schema: dmes; Owner: sipPrueba
--

ALTER TABLE ONLY sc_partner
    ADD CONSTRAINT fk_partner_person FOREIGN KEY (id_person) REFERENCES sc_person(id_person);


--
-- TOC entry 2298 (class 2606 OID 119026)
-- Name: fk_parts_and_consumables; Type: FK CONSTRAINT; Schema: dmes; Owner: sipPrueba
--

ALTER TABLE ONLY sc_maintenance_plan
    ADD CONSTRAINT fk_parts_and_consumables FOREIGN KEY (id_parts_and_consumables) REFERENCES sc_parts_and_consumables(id_parts_and_consumables);


--
-- TOC entry 2317 (class 2606 OID 119031)
-- Name: fk_person; Type: FK CONSTRAINT; Schema: dmes; Owner: sipPrueba
--

ALTER TABLE ONLY sc_users
    ADD CONSTRAINT fk_person FOREIGN KEY (id_person) REFERENCES sc_person(id_person);


--
-- TOC entry 2310 (class 2606 OID 119036)
-- Name: fk_person_observation_for_person; Type: FK CONSTRAINT; Schema: dmes; Owner: sipPrueba
--

ALTER TABLE ONLY sc_person_observations
    ADD CONSTRAINT fk_person_observation_for_person FOREIGN KEY (id_person) REFERENCES sc_person(id_person);


--
-- TOC entry 2311 (class 2606 OID 119041)
-- Name: fk_person_specifications_for_person; Type: FK CONSTRAINT; Schema: dmes; Owner: sipPrueba
--

ALTER TABLE ONLY sc_person_specifications
    ADD CONSTRAINT fk_person_specifications_for_person FOREIGN KEY (id_person) REFERENCES sc_person(id_person);


--
-- TOC entry 2312 (class 2606 OID 119046)
-- Name: fk_phones_person; Type: FK CONSTRAINT; Schema: dmes; Owner: sipPrueba
--

ALTER TABLE ONLY sc_phones
    ADD CONSTRAINT fk_phones_person FOREIGN KEY (id_person) REFERENCES sc_person(id_person);


--
-- TOC entry 2313 (class 2606 OID 119051)
-- Name: fk_photo_machine; Type: FK CONSTRAINT; Schema: dmes; Owner: sipPrueba
--

ALTER TABLE ONLY sc_photo
    ADD CONSTRAINT fk_photo_machine FOREIGN KEY (id_machine) REFERENCES sc_machine(id_machine);


--
-- TOC entry 2318 (class 2606 OID 119056)
-- Name: fk_role; Type: FK CONSTRAINT; Schema: dmes; Owner: sipPrueba
--

ALTER TABLE ONLY sc_users
    ADD CONSTRAINT fk_role FOREIGN KEY (id_role) REFERENCES sc_roles(id_role);


--
-- TOC entry 2265 (class 2606 OID 119061)
-- Name: fk_sc_person_to_sc_documents; Type: FK CONSTRAINT; Schema: dmes; Owner: sipPrueba
--

ALTER TABLE ONLY sc_documents
    ADD CONSTRAINT fk_sc_person_to_sc_documents FOREIGN KEY (id_person) REFERENCES sc_person(id_person);


--
-- TOC entry 2314 (class 2606 OID 119066)
-- Name: fk_service_or_product_partner; Type: FK CONSTRAINT; Schema: dmes; Owner: sipPrueba
--

ALTER TABLE ONLY sc_services_or_products
    ADD CONSTRAINT fk_service_or_product_partner FOREIGN KEY (id_partner) REFERENCES sc_partner(id_partner);


--
-- TOC entry 2299 (class 2606 OID 119071)
-- Name: fk_tool; Type: FK CONSTRAINT; Schema: dmes; Owner: sipPrueba
--

ALTER TABLE ONLY sc_maintenance_plan
    ADD CONSTRAINT fk_tool FOREIGN KEY (id_tool) REFERENCES sc_tools(id_tool);


--
-- TOC entry 2300 (class 2606 OID 119076)
-- Name: fk_type; Type: FK CONSTRAINT; Schema: dmes; Owner: sipPrueba
--

ALTER TABLE ONLY sc_maintenance_plan
    ADD CONSTRAINT fk_type FOREIGN KEY (id_type_maintenance) REFERENCES sc_type(id_type);


--
-- TOC entry 2315 (class 2606 OID 119081)
-- Name: fk_type; Type: FK CONSTRAINT; Schema: dmes; Owner: sipPrueba
--

ALTER TABLE ONLY sc_tools
    ADD CONSTRAINT fk_type FOREIGN KEY (id_type) REFERENCES sc_type(id_type);


--
-- TOC entry 2309 (class 2606 OID 119086)
-- Name: fk_type; Type: FK CONSTRAINT; Schema: dmes; Owner: sipPrueba
--

ALTER TABLE ONLY sc_parts_and_consumables
    ADD CONSTRAINT fk_type FOREIGN KEY (id_type) REFERENCES sc_type(id_type);


--
-- TOC entry 2301 (class 2606 OID 119091)
-- Name: fk_type2; Type: FK CONSTRAINT; Schema: dmes; Owner: sipPrueba
--

ALTER TABLE ONLY sc_maintenance_plan
    ADD CONSTRAINT fk_type2 FOREIGN KEY (id_type_hand_work_classification) REFERENCES sc_type(id_type);


--
-- TOC entry 2302 (class 2606 OID 119096)
-- Name: fk_type4; Type: FK CONSTRAINT; Schema: dmes; Owner: sipPrueba
--

ALTER TABLE ONLY sc_maintenance_plan
    ADD CONSTRAINT fk_type4 FOREIGN KEY (id_type_frequency) REFERENCES sc_type(id_type);


--
-- TOC entry 2303 (class 2606 OID 119101)
-- Name: fk_type5; Type: FK CONSTRAINT; Schema: dmes; Owner: sipPrueba
--

ALTER TABLE ONLY sc_maintenance_plan
    ADD CONSTRAINT fk_type5 FOREIGN KEY (id_type_downtime) REFERENCES sc_type(id_type);


--
-- TOC entry 2304 (class 2606 OID 119106)
-- Name: fk_type6; Type: FK CONSTRAINT; Schema: dmes; Owner: sipPrueba
--

ALTER TABLE ONLY sc_maintenance_plan
    ADD CONSTRAINT fk_type6 FOREIGN KEY (id_type_unit_unemployment) REFERENCES sc_type(id_type);


--
-- TOC entry 2319 (class 2606 OID 119111)
-- Name: fk_work_experience_employee; Type: FK CONSTRAINT; Schema: dmes; Owner: sipPrueba
--

ALTER TABLE ONLY sc_work_experience
    ADD CONSTRAINT fk_work_experience_employee FOREIGN KEY (id_employee) REFERENCES sc_employee(id_employee);


--
-- TOC entry 2316 (class 2606 OID 119116)
-- Name: id_class_type; Type: FK CONSTRAINT; Schema: dmes; Owner: sipPrueba
--

ALTER TABLE ONLY sc_type
    ADD CONSTRAINT id_class_type FOREIGN KEY (id_class_type) REFERENCES sc_class_type(id_class_type);


--
-- TOC entry 2264 (class 2606 OID 119121)
-- Name: id_competencies_employee; Type: FK CONSTRAINT; Schema: dmes; Owner: sipPrueba
--

ALTER TABLE ONLY sc_competencies
    ADD CONSTRAINT id_competencies_employee FOREIGN KEY (id_employee) REFERENCES sc_employee(id_employee);


-- Completed on 2015-03-30 22:44:54 COT

--
-- PostgreSQL database dump complete
--

