--
-- PostgreSQL database dump
--

-- Dumped from database version 9.3.5
-- Dumped by pg_dump version 9.3.6
-- Started on 2015-04-18 09:19:23 CEST

SET statement_timeout = 0;
SET lock_timeout = 0;
SET client_encoding = 'UTF8';
SET standard_conforming_strings = on;
SET check_function_bodies = false;
SET client_min_messages = warning;

--
-- TOC entry 6 (class 2615 OID 20264)
-- Name: dmes; Type: SCHEMA; Schema: -; Owner: sipPrueba
--

CREATE SCHEMA dmes;


ALTER SCHEMA dmes OWNER TO "sipPrueba";

--
-- TOC entry 266 (class 3079 OID 12670)
-- Name: plpgsql; Type: EXTENSION; Schema: -; Owner: 
--

CREATE EXTENSION IF NOT EXISTS plpgsql WITH SCHEMA pg_catalog;


--
-- TOC entry 3421 (class 0 OID 0)
-- Dependencies: 266
-- Name: EXTENSION plpgsql; Type: COMMENT; Schema: -; Owner: 
--

COMMENT ON EXTENSION plpgsql IS 'PL/pgSQL procedural language';


SET search_path = dmes, pg_catalog;

SET default_tablespace = '';

SET default_with_oids = false;

--
-- TOC entry 170 (class 1259 OID 20265)
-- Name: sc_class_type; Type: TABLE; Schema: dmes; Owner: sipPrueba; Tablespace: 
--

CREATE TABLE sc_class_type (
    id_class_type numeric(18,0) NOT NULL,
    class_type character varying(100) NOT NULL,
    creation_date date NOT NULL,
    modify_date date NOT NULL
);


ALTER TABLE dmes.sc_class_type OWNER TO "sipPrueba";

--
-- TOC entry 171 (class 1259 OID 20268)
-- Name: sc_competencies; Type: TABLE; Schema: dmes; Owner: sipPrueba; Tablespace: 
--

CREATE TABLE sc_competencies (
    id_competencies numeric(18,0) NOT NULL,
    tittle character varying(100) NOT NULL,
    description character varying(2000),
    id_employee numeric(18,0) NOT NULL
);


ALTER TABLE dmes.sc_competencies OWNER TO "sipPrueba";

--
-- TOC entry 172 (class 1259 OID 20274)
-- Name: sc_constants_load_files; Type: TABLE; Schema: dmes; Owner: sipPrueba; Tablespace: 
--

CREATE TABLE sc_constants_load_files (
    id_constants_load_file numeric(18,0) NOT NULL,
    max_size_file numeric(18,0) NOT NULL,
    extension character varying(2000) NOT NULL,
    path character varying(2000)
);


ALTER TABLE dmes.sc_constants_load_files OWNER TO "sipPrueba";

--
-- TOC entry 173 (class 1259 OID 20280)
-- Name: sc_cost_center; Type: TABLE; Schema: dmes; Owner: sipPrueba; Tablespace: 
--

CREATE TABLE sc_cost_center (
    id_cost_center numeric(18,0) NOT NULL,
    description character varying(100) NOT NULL,
    cost_center character varying(100) NOT NULL,
    creation_date date NOT NULL,
    modify_date date
);


ALTER TABLE dmes.sc_cost_center OWNER TO "sipPrueba";

--
-- TOC entry 174 (class 1259 OID 20283)
-- Name: sc_distribution_unit; Type: TABLE; Schema: dmes; Owner: sipPrueba; Tablespace: 
--

CREATE TABLE sc_distribution_unit (
    id_distribution_unit numeric(18,0) NOT NULL,
    acronym character varying(20) NOT NULL,
    description character varying(200)
);


ALTER TABLE dmes.sc_distribution_unit OWNER TO "sipPrueba";

--
-- TOC entry 175 (class 1259 OID 20286)
-- Name: sc_documents; Type: TABLE; Schema: dmes; Owner: sipPrueba; Tablespace: 
--

CREATE TABLE sc_documents (
    id_document numeric(18,0) NOT NULL,
    document_path character varying(200) NOT NULL,
    document_tittle character varying(2000) NOT NULL,
    creation_date date NOT NULL,
    document_name character varying(2000) NOT NULL,
    id_person numeric(18,0) NOT NULL,
    upload_by character varying(2000) NOT NULL,
    type_document character varying(200)
);


ALTER TABLE dmes.sc_documents OWNER TO "sipPrueba";

--
-- TOC entry 176 (class 1259 OID 20292)
-- Name: sc_employee; Type: TABLE; Schema: dmes; Owner: sipPrueba; Tablespace: 
--

CREATE TABLE sc_employee (
    id_employee numeric(18,0) NOT NULL,
    "position" character varying(100) NOT NULL,
    formation character varying(100) NOT NULL,
    admission_date date NOT NULL,
    retirement_date date,
    active character(1) NOT NULL,
    salary numeric(18,2),
    hour_value numeric(18,2),
    porcentage numeric(18,2),
    amount numeric(18,2),
    creation_date date NOT NULL,
    modify_date date,
    id_person numeric(18,0) NOT NULL
);


ALTER TABLE dmes.sc_employee OWNER TO "sipPrueba";

--
-- TOC entry 177 (class 1259 OID 20295)
-- Name: sc_input; Type: TABLE; Schema: dmes; Owner: sipPrueba; Tablespace: 
--

CREATE TABLE sc_input (
    id_input numeric(18,0) NOT NULL,
    type_material character varying(200) NOT NULL,
    expiry_date date,
    supplier_guarantee numeric(18,0) NOT NULL,
    mark character varying(200) NOT NULL,
    value numeric(18,0) NOT NULL,
    path_picture character varying(2000),
    cost_center numeric(18,0) NOT NULL,
    serie character varying(2000) NOT NULL,
    creation_date date NOT NULL,
    description character varying(200) NOT NULL,
    id_stock numeric(18,0) NOT NULL,
    id_priority numeric(18,0) NOT NULL,
    id_input_dimension numeric(18,0),
    id_packing numeric(18,0),
    id_money numeric(18,0),
    total_amount_distribution numeric(18,0),
    id_distribution_unit numeric(18,0),
    distribution_amount numeric(18,0),
    distribution_value numeric(18,2),
    id_location numeric(18,0)
);


ALTER TABLE dmes.sc_input OWNER TO "sipPrueba";

--
-- TOC entry 178 (class 1259 OID 20301)
-- Name: sc_input_dimension; Type: TABLE; Schema: dmes; Owner: sipPrueba; Tablespace: 
--

CREATE TABLE sc_input_dimension (
    id_input_dimension numeric(18,0) NOT NULL,
    hight character varying(100),
    width character varying(100),
    large character varying(100),
    weight character varying(100),
    volume character varying(100),
    thickness character varying(100),
    radio character varying(100),
    observations character varying(2000)
);


ALTER TABLE dmes.sc_input_dimension OWNER TO "sipPrueba";

--
-- TOC entry 179 (class 1259 OID 20307)
-- Name: sc_input_documents; Type: TABLE; Schema: dmes; Owner: sipPrueba; Tablespace: 
--

CREATE TABLE sc_input_documents (
    id_input_documents numeric(18,0) NOT NULL,
    document_path character varying(200) NOT NULL,
    document_tittle character varying(200),
    creation_date date NOT NULL,
    document_name character varying(200),
    upload_by character varying(50) NOT NULL,
    type_document character varying(200) NOT NULL,
    id_input numeric(18,0) NOT NULL
);


ALTER TABLE dmes.sc_input_documents OWNER TO "sipPrueba";

--
-- TOC entry 180 (class 1259 OID 20313)
-- Name: sc_input_equivalence; Type: TABLE; Schema: dmes; Owner: sipPrueba; Tablespace: 
--

CREATE TABLE sc_input_equivalence (
    id_input_equivalence numeric(18,0) NOT NULL,
    id_input numeric(18,0) NOT NULL,
    id_input_referenced numeric(18,0) NOT NULL
);


ALTER TABLE dmes.sc_input_equivalence OWNER TO "sipPrueba";

--
-- TOC entry 181 (class 1259 OID 20316)
-- Name: sc_input_feactures; Type: TABLE; Schema: dmes; Owner: sipPrueba; Tablespace: 
--

CREATE TABLE sc_input_feactures (
    id_input_feactures numeric(18,0) NOT NULL,
    tittle character varying(200) NOT NULL,
    description character varying(2000) NOT NULL,
    id_input numeric(18,0) NOT NULL
);


ALTER TABLE dmes.sc_input_feactures OWNER TO "sipPrueba";

--
-- TOC entry 182 (class 1259 OID 20322)
-- Name: sc_input_observations; Type: TABLE; Schema: dmes; Owner: sipPrueba; Tablespace: 
--

CREATE TABLE sc_input_observations (
    id_input_observation numeric(18,0) NOT NULL,
    tittle character varying(200) NOT NULL,
    description character varying(2000) NOT NULL,
    id_input numeric(18,0) NOT NULL
);


ALTER TABLE dmes.sc_input_observations OWNER TO "sipPrueba";

--
-- TOC entry 183 (class 1259 OID 20328)
-- Name: sc_input_specifications; Type: TABLE; Schema: dmes; Owner: sipPrueba; Tablespace: 
--

CREATE TABLE sc_input_specifications (
    id_input_specifications numeric(18,0) NOT NULL,
    description character varying(2000) NOT NULL,
    tittle character varying(200) NOT NULL,
    creation_date date NOT NULL,
    id_input numeric(18,0) NOT NULL
);


ALTER TABLE dmes.sc_input_specifications OWNER TO "sipPrueba";

--
-- TOC entry 184 (class 1259 OID 20334)
-- Name: sc_location; Type: TABLE; Schema: dmes; Owner: sipPrueba; Tablespace: 
--

CREATE TABLE sc_location (
    id_location numeric(18,0) NOT NULL,
    location character varying(200) NOT NULL,
    description character varying(2000),
    id_store numeric(18,0)
);


ALTER TABLE dmes.sc_location OWNER TO "sipPrueba";

--
-- TOC entry 185 (class 1259 OID 20340)
-- Name: sc_machine; Type: TABLE; Schema: dmes; Owner: sipPrueba; Tablespace: 
--

CREATE TABLE sc_machine (
    id_machine numeric(18,0) NOT NULL,
    name character varying(200) NOT NULL,
    hour_value numeric(18,2) NOT NULL
);


ALTER TABLE dmes.sc_machine OWNER TO "sipPrueba";

--
-- TOC entry 186 (class 1259 OID 20343)
-- Name: sc_mails; Type: TABLE; Schema: dmes; Owner: sipPrueba; Tablespace: 
--

CREATE TABLE sc_mails (
    id_mail numeric(18,0) NOT NULL,
    mail character varying(100) NOT NULL,
    description character varying(100),
    id_person numeric(18,0) NOT NULL
);


ALTER TABLE dmes.sc_mails OWNER TO "sipPrueba";

--
-- TOC entry 187 (class 1259 OID 20346)
-- Name: sc_maintenance_plan; Type: TABLE; Schema: dmes; Owner: sipPrueba; Tablespace: 
--

CREATE TABLE sc_maintenance_plan (
    id_maintenance_plan numeric(18,0) NOT NULL,
    maintenance_plan character varying(100) NOT NULL,
    id_type_maintenance numeric(18,0) NOT NULL,
    id_type_hand_work_classification numeric(18,0) NOT NULL,
    id_type_priority numeric(18,0) NOT NULL,
    frequency numeric(18,0) NOT NULL,
    id_type_frequency numeric(18,0) NOT NULL,
    duration date NOT NULL,
    id_machine numeric(18,0) NOT NULL,
    activity character varying(200) NOT NULL,
    programing_date date NOT NULL,
    id_type_downtime numeric(18,0),
    id_type_unit_unemployment numeric(18,0),
    id_tool numeric(18,0) NOT NULL,
    id_parts_and_consumables numeric(18,0) NOT NULL,
    creation_date date NOT NULL,
    modify_date date
);


ALTER TABLE dmes.sc_maintenance_plan OWNER TO "sipPrueba";

--
-- TOC entry 188 (class 1259 OID 20349)
-- Name: sc_measure_unit; Type: TABLE; Schema: dmes; Owner: sipPrueba; Tablespace: 
--

CREATE TABLE sc_measure_unit (
    id_measure numeric(18,0) NOT NULL,
    acronym character varying(20),
    type character varying(200) NOT NULL
);


ALTER TABLE dmes.sc_measure_unit OWNER TO "sipPrueba";

--
-- TOC entry 189 (class 1259 OID 20352)
-- Name: sc_module_permission; Type: TABLE; Schema: dmes; Owner: sipPrueba; Tablespace: 
--

CREATE TABLE sc_module_permission (
    id_module_permission numeric(18,0) NOT NULL,
    name character varying(100) NOT NULL,
    description character varying(2000),
    icone character varying(2000),
    type character varying(50),
    id_father numeric(18,0),
    page character varying(50)
);


ALTER TABLE dmes.sc_module_permission OWNER TO "sipPrueba";

--
-- TOC entry 190 (class 1259 OID 20358)
-- Name: sc_module_permission_by_role; Type: TABLE; Schema: dmes; Owner: sipPrueba; Tablespace: 
--

CREATE TABLE sc_module_permission_by_role (
    id_module_permission_by_role numeric(18,0) NOT NULL,
    id_role numeric(18,0) NOT NULL,
    id_type character varying(5),
    id_module_permission numeric(18,0) NOT NULL
);


ALTER TABLE dmes.sc_module_permission_by_role OWNER TO "sipPrueba";

--
-- TOC entry 191 (class 1259 OID 20361)
-- Name: sc_money; Type: TABLE; Schema: dmes; Owner: sipPrueba; Tablespace: 
--

CREATE TABLE sc_money (
    id_money numeric(18,0) NOT NULL,
    description character varying(50),
    acronym character varying(2)
);


ALTER TABLE dmes.sc_money OWNER TO "sipPrueba";

--
-- TOC entry 192 (class 1259 OID 20364)
-- Name: sc_operating_conditions; Type: TABLE; Schema: dmes; Owner: sipPrueba; Tablespace: 
--

CREATE TABLE sc_operating_conditions (
    id_operating_condition numeric(18,0) NOT NULL,
    internal character varying(2000) NOT NULL,
    external character varying(2000) NOT NULL,
    observations character varying(2000) NOT NULL,
    creation_date date NOT NULL,
    modify_date date,
    id_machine numeric(18,0) NOT NULL
);


ALTER TABLE dmes.sc_operating_conditions OWNER TO "sipPrueba";

--
-- TOC entry 193 (class 1259 OID 20370)
-- Name: sc_packing_unit; Type: TABLE; Schema: dmes; Owner: sipPrueba; Tablespace: 
--

CREATE TABLE sc_packing_unit (
    id_packing numeric(18,0) NOT NULL,
    description character varying(200),
    acronym character varying(20) NOT NULL
);


ALTER TABLE dmes.sc_packing_unit OWNER TO "sipPrueba";

--
-- TOC entry 194 (class 1259 OID 20373)
-- Name: sc_partner; Type: TABLE; Schema: dmes; Owner: sipPrueba; Tablespace: 
--

CREATE TABLE sc_partner (
    id_partner numeric(18,0) NOT NULL,
    active character varying(1) NOT NULL,
    "position" character varying(100) NOT NULL,
    web_page character varying(100),
    creation_date date NOT NULL,
    modify_date date,
    id_person numeric(18,0) NOT NULL,
    company_name character varying(100) NOT NULL
);


ALTER TABLE dmes.sc_partner OWNER TO "sipPrueba";

--
-- TOC entry 195 (class 1259 OID 20376)
-- Name: sc_parts_and_consumables; Type: TABLE; Schema: dmes; Owner: sipPrueba; Tablespace: 
--

CREATE TABLE sc_parts_and_consumables (
    id_parts_and_consumables numeric(18,0) NOT NULL,
    parts_and_consumables character varying(100) NOT NULL,
    creation_date date NOT NULL,
    modify_date date,
    id_type numeric(18,0) NOT NULL
);


ALTER TABLE dmes.sc_parts_and_consumables OWNER TO "sipPrueba";

--
-- TOC entry 196 (class 1259 OID 20379)
-- Name: sc_person; Type: TABLE; Schema: dmes; Owner: sipPrueba; Tablespace: 
--

CREATE TABLE sc_person (
    id_person numeric(18,0) NOT NULL,
    first_name character varying(100) NOT NULL,
    last_name character varying(100) NOT NULL,
    age numeric(3,0) NOT NULL,
    country character varying(100) NOT NULL,
    city character varying(100) NOT NULL,
    personal_information character varying(2000),
    domicilie character varying(100) NOT NULL,
    studies character varying(2000),
    description character varying(2000),
    path_photo character varying NOT NULL,
    creation_date date NOT NULL,
    modify_date date,
    identification numeric(18,0) NOT NULL
);


ALTER TABLE dmes.sc_person OWNER TO "sipPrueba";

--
-- TOC entry 197 (class 1259 OID 20385)
-- Name: sc_person_observations; Type: TABLE; Schema: dmes; Owner: sipPrueba; Tablespace: 
--

CREATE TABLE sc_person_observations (
    id_person_observations numeric(18,0) NOT NULL,
    tittle character varying(200) NOT NULL,
    observation character varying(2000) NOT NULL,
    id_person numeric(18,0) NOT NULL
);


ALTER TABLE dmes.sc_person_observations OWNER TO "sipPrueba";

--
-- TOC entry 198 (class 1259 OID 20391)
-- Name: sc_person_specifications; Type: TABLE; Schema: dmes; Owner: sipPrueba; Tablespace: 
--

CREATE TABLE sc_person_specifications (
    id_person_specifications numeric(18,0) NOT NULL,
    tittle character varying(200) NOT NULL,
    specification character varying(2000) NOT NULL,
    id_person numeric(18,0) NOT NULL
);


ALTER TABLE dmes.sc_person_specifications OWNER TO "sipPrueba";

--
-- TOC entry 199 (class 1259 OID 20397)
-- Name: sc_phones; Type: TABLE; Schema: dmes; Owner: sipPrueba; Tablespace: 
--

CREATE TABLE sc_phones (
    id_phone numeric(18,0) NOT NULL,
    number_phone numeric(18,0) NOT NULL,
    description character varying(100),
    id_person numeric(18,0) NOT NULL
);


ALTER TABLE dmes.sc_phones OWNER TO "sipPrueba";

--
-- TOC entry 200 (class 1259 OID 20400)
-- Name: sc_photo; Type: TABLE; Schema: dmes; Owner: sipPrueba; Tablespace: 
--

CREATE TABLE sc_photo (
    id_photo numeric(18,0) NOT NULL,
    photo_name bit varying(100) NOT NULL,
    photo_path character varying(200) NOT NULL,
    comments character varying(2000),
    creation_date date NOT NULL,
    modify_date date,
    id_machine numeric(18,0)
);


ALTER TABLE dmes.sc_photo OWNER TO "sipPrueba";

--
-- TOC entry 201 (class 1259 OID 20406)
-- Name: sc_priority; Type: TABLE; Schema: dmes; Owner: sipPrueba; Tablespace: 
--

CREATE TABLE sc_priority (
    id_priority numeric(18,0) NOT NULL,
    name character varying(200) NOT NULL,
    description character varying(200)
);


ALTER TABLE dmes.sc_priority OWNER TO "sipPrueba";

--
-- TOC entry 202 (class 1259 OID 20409)
-- Name: sc_procces_product; Type: TABLE; Schema: dmes; Owner: sipPrueba; Tablespace: 
--

CREATE TABLE sc_procces_product (
    id_process_product numeric(18,0) NOT NULL,
    id_process_type numeric(18,0) NOT NULL,
    name character varying(200) NOT NULL,
    description character varying(2000),
    total_time_machine numeric(18,0),
    total_value_machine numeric(18,2),
    total_value_input numeric(18,2),
    total_time_process numeric(18,0),
    total_value_process numeric(18,2),
    total_time_employee numeric(18,0),
    total_value_employee numeric(18,2),
    id_product_formulation numeric(18,0) NOT NULL
);


ALTER TABLE dmes.sc_procces_product OWNER TO "sipPrueba";

--
-- TOC entry 203 (class 1259 OID 20415)
-- Name: sc_process_attached; Type: TABLE; Schema: dmes; Owner: sipPrueba; Tablespace: 
--

CREATE TABLE sc_process_attached (
    id_process_attached numeric(18,0) NOT NULL,
    tittle character varying(200) NOT NULL,
    description character varying(200),
    type character varying(20) NOT NULL
);


ALTER TABLE dmes.sc_process_attached OWNER TO "sipPrueba";

--
-- TOC entry 204 (class 1259 OID 20418)
-- Name: sc_process_employee; Type: TABLE; Schema: dmes; Owner: sipPrueba; Tablespace: 
--

CREATE TABLE sc_process_employee (
    id_process_employee numeric(18,0) NOT NULL,
    labor_description character varying(200),
    time_use numeric(18,0) NOT NULL,
    other_expenses numeric(18,2),
    total_value_employee numeric(18,2),
    id_employee numeric(18,0) NOT NULL,
    id_process numeric(18,0) NOT NULL,
    description_other_expenses character varying(2000)
);


ALTER TABLE dmes.sc_process_employee OWNER TO "sipPrueba";

--
-- TOC entry 205 (class 1259 OID 20424)
-- Name: sc_process_input; Type: TABLE; Schema: dmes; Owner: sipPrueba; Tablespace: 
--

CREATE TABLE sc_process_input (
    id_process_input numeric(18,0) NOT NULL,
    id_process numeric(18,0) NOT NULL,
    id_input numeric(18,0) NOT NULL,
    amount_distribution numeric(18,0) NOT NULL,
    percentage_residue numeric(18,2) NOT NULL,
    total_value_input numeric(18,2) NOT NULL
);


ALTER TABLE dmes.sc_process_input OWNER TO "sipPrueba";

--
-- TOC entry 206 (class 1259 OID 20427)
-- Name: sc_process_machine; Type: TABLE; Schema: dmes; Owner: sipPrueba; Tablespace: 
--

CREATE TABLE sc_process_machine (
    id_process_machine numeric(18,0) NOT NULL,
    id_machine numeric(18,0) NOT NULL,
    time_use numeric(18,0) NOT NULL,
    other_expenses numeric(18,2),
    total_value_machine numeric(18,2),
    id_process numeric(18,0) NOT NULL,
    description_other_expenses character varying(2000)
);


ALTER TABLE dmes.sc_process_machine OWNER TO "sipPrueba";

--
-- TOC entry 207 (class 1259 OID 20433)
-- Name: sc_process_type; Type: TABLE; Schema: dmes; Owner: sipPrueba; Tablespace: 
--

CREATE TABLE sc_process_type (
    id_process_type numeric(18,0) NOT NULL,
    description character varying(200),
    type character varying(200) NOT NULL
);


ALTER TABLE dmes.sc_process_type OWNER TO "sipPrueba";

--
-- TOC entry 208 (class 1259 OID 20436)
-- Name: sc_product_attached; Type: TABLE; Schema: dmes; Owner: sipPrueba; Tablespace: 
--

CREATE TABLE sc_product_attached (
    id_product_attached numeric(18,0) NOT NULL,
    type character varying(200) NOT NULL,
    tittle character varying(200) NOT NULL,
    description character varying(2000) NOT NULL,
    id_product_formulation numeric(18,0) NOT NULL
);


ALTER TABLE dmes.sc_product_attached OWNER TO "sipPrueba";

--
-- TOC entry 209 (class 1259 OID 20442)
-- Name: sc_product_documents; Type: TABLE; Schema: dmes; Owner: sipPrueba; Tablespace: 
--

CREATE TABLE sc_product_documents (
    id_product_documents numeric(18,0) NOT NULL,
    document_path character varying(200) NOT NULL,
    document_tittle character varying(200),
    creation_date date NOT NULL,
    document_name character varying(200),
    upload_by character varying(50) NOT NULL,
    type_document character varying(200) NOT NULL,
    id_product_formulation numeric(18,0) NOT NULL
);


ALTER TABLE dmes.sc_product_documents OWNER TO "sipPrueba";

--
-- TOC entry 210 (class 1259 OID 20448)
-- Name: sc_product_formulation; Type: TABLE; Schema: dmes; Owner: sipPrueba; Tablespace: 
--

CREATE TABLE sc_product_formulation (
    id_product_formulation numeric(18,0) NOT NULL,
    path_picture character varying(200),
    type_material character varying(200) NOT NULL,
    mark character varying(200) NOT NULL,
    serie character varying(200) NOT NULL,
    id_packing numeric(18,0) NOT NULL,
    expiry_date date,
    creation_date date NOT NULL,
    id_priority numeric(18,0) NOT NULL,
    id_cost_center numeric(18,0) NOT NULL,
    value numeric(18,0) NOT NULL,
    id_money numeric(18,0) NOT NULL,
    id_partner numeric(18,0) NOT NULL,
    id_location numeric(18,0) NOT NULL,
    manufacturing_time numeric(18,0) NOT NULL,
    description character varying(200) NOT NULL,
    id_product_dimension numeric(18,0) NOT NULL
);


ALTER TABLE dmes.sc_product_formulation OWNER TO "sipPrueba";

--
-- TOC entry 3422 (class 0 OID 0)
-- Dependencies: 210
-- Name: COLUMN sc_product_formulation.id_priority; Type: COMMENT; Schema: dmes; Owner: sipPrueba
--

COMMENT ON COLUMN sc_product_formulation.id_priority IS '
';


--
-- TOC entry 3423 (class 0 OID 0)
-- Dependencies: 210
-- Name: COLUMN sc_product_formulation.id_partner; Type: COMMENT; Schema: dmes; Owner: sipPrueba
--

COMMENT ON COLUMN sc_product_formulation.id_partner IS '
 ';


--
-- TOC entry 211 (class 1259 OID 20454)
-- Name: sc_roles; Type: TABLE; Schema: dmes; Owner: sipPrueba; Tablespace: 
--

CREATE TABLE sc_roles (
    id_role numeric(18,0) NOT NULL,
    name character varying(100) NOT NULL,
    description character varying(2000),
    creation_date date NOT NULL,
    modify_date date
);


ALTER TABLE dmes.sc_roles OWNER TO "sipPrueba";

--
-- TOC entry 212 (class 1259 OID 20460)
-- Name: sc_services_or_products; Type: TABLE; Schema: dmes; Owner: sipPrueba; Tablespace: 
--

CREATE TABLE sc_services_or_products (
    id_service_or_products numeric(18,0) NOT NULL,
    name_service_or_product character varying(100) NOT NULL,
    cost numeric(18,2) NOT NULL,
    guarantee character varying(2000),
    description character varying(2000),
    amount numeric(18,0) NOT NULL,
    id_partner numeric(18,0) NOT NULL,
    type character varying(100) NOT NULL
);


ALTER TABLE dmes.sc_services_or_products OWNER TO "sipPrueba";

--
-- TOC entry 213 (class 1259 OID 20466)
-- Name: sc_stock; Type: TABLE; Schema: dmes; Owner: sipPrueba; Tablespace: 
--

CREATE TABLE sc_stock (
    id_stock numeric(18,0) NOT NULL,
    maxime_stock numeric(18,0) NOT NULL,
    minime_stock numeric(18,0) NOT NULL,
    current_stock numeric(18,0) NOT NULL,
    price_unit numeric(18,0) NOT NULL,
    total_value numeric(18,0) NOT NULL,
    id_store numeric(18,0) NOT NULL,
    optime_stock numeric(18,0) NOT NULL
);


ALTER TABLE dmes.sc_stock OWNER TO "sipPrueba";

--
-- TOC entry 214 (class 1259 OID 20469)
-- Name: sc_store; Type: TABLE; Schema: dmes; Owner: sipPrueba; Tablespace: 
--

CREATE TABLE sc_store (
    id_store numeric(18,0) NOT NULL,
    name character varying(2000) NOT NULL
);


ALTER TABLE dmes.sc_store OWNER TO "sipPrueba";

--
-- TOC entry 215 (class 1259 OID 20475)
-- Name: sc_tools; Type: TABLE; Schema: dmes; Owner: sipPrueba; Tablespace: 
--

CREATE TABLE sc_tools (
    id_tool numeric(18,0) NOT NULL,
    tool character varying(100) NOT NULL,
    creation_date date NOT NULL,
    modify_date date,
    id_type numeric(18,0) NOT NULL
);


ALTER TABLE dmes.sc_tools OWNER TO "sipPrueba";

--
-- TOC entry 216 (class 1259 OID 20478)
-- Name: sc_type; Type: TABLE; Schema: dmes; Owner: sipPrueba; Tablespace: 
--

CREATE TABLE sc_type (
    id_type numeric(18,0) NOT NULL,
    type character varying(100) NOT NULL,
    id_class_type numeric(18,0) NOT NULL,
    creation_date date NOT NULL,
    modify_date date NOT NULL
);


ALTER TABLE dmes.sc_type OWNER TO "sipPrueba";

--
-- TOC entry 217 (class 1259 OID 20481)
-- Name: sc_users; Type: TABLE; Schema: dmes; Owner: sipPrueba; Tablespace: 
--

CREATE TABLE sc_users (
    id_user numeric(18,0) NOT NULL,
    id_person numeric(18,0) NOT NULL,
    id_role numeric(18,0) NOT NULL,
    login character varying(100) NOT NULL,
    password character varying(100) NOT NULL,
    creation_date date NOT NULL,
    modify_date date
);


ALTER TABLE dmes.sc_users OWNER TO "sipPrueba";

--
-- TOC entry 218 (class 1259 OID 20484)
-- Name: sc_work_experience; Type: TABLE; Schema: dmes; Owner: sipPrueba; Tablespace: 
--

CREATE TABLE sc_work_experience (
    id_work_experience numeric(18,0) NOT NULL,
    init_date date NOT NULL,
    end_date date NOT NULL,
    id_employee numeric(18,0) NOT NULL,
    company_name character varying(100) NOT NULL
);


ALTER TABLE dmes.sc_work_experience OWNER TO "sipPrueba";

--
-- TOC entry 219 (class 1259 OID 20487)
-- Name: sqclasstype; Type: SEQUENCE; Schema: dmes; Owner: sipPrueba
--

CREATE SEQUENCE sqclasstype
    START WITH 1
    INCREMENT BY 1
    NO MINVALUE
    MAXVALUE 111111111111111111
    CACHE 1;


ALTER TABLE dmes.sqclasstype OWNER TO "sipPrueba";

--
-- TOC entry 220 (class 1259 OID 20489)
-- Name: sqsccompetencies; Type: SEQUENCE; Schema: dmes; Owner: sipPrueba
--

CREATE SEQUENCE sqsccompetencies
    START WITH 1
    INCREMENT BY 1
    NO MINVALUE
    MAXVALUE 11111111111111111
    CACHE 1;


ALTER TABLE dmes.sqsccompetencies OWNER TO "sipPrueba";

--
-- TOC entry 221 (class 1259 OID 20491)
-- Name: sqsccostcenter; Type: SEQUENCE; Schema: dmes; Owner: sipPrueba
--

CREATE SEQUENCE sqsccostcenter
    START WITH 1
    INCREMENT BY 1
    NO MINVALUE
    MAXVALUE 111111111111111111
    CACHE 1;


ALTER TABLE dmes.sqsccostcenter OWNER TO "sipPrueba";

--
-- TOC entry 222 (class 1259 OID 20493)
-- Name: sqscdistributionunit; Type: SEQUENCE; Schema: dmes; Owner: sipPrueba
--

CREATE SEQUENCE sqscdistributionunit
    START WITH 1
    INCREMENT BY 1
    NO MINVALUE
    MAXVALUE 111111111111111111
    CACHE 1;


ALTER TABLE dmes.sqscdistributionunit OWNER TO "sipPrueba";

--
-- TOC entry 223 (class 1259 OID 20495)
-- Name: sqscdocuments; Type: SEQUENCE; Schema: dmes; Owner: sipPrueba
--

CREATE SEQUENCE sqscdocuments
    START WITH 1
    INCREMENT BY 1
    NO MINVALUE
    MAXVALUE 111111111111111111
    CACHE 1;


ALTER TABLE dmes.sqscdocuments OWNER TO "sipPrueba";

--
-- TOC entry 224 (class 1259 OID 20497)
-- Name: sqscemployee; Type: SEQUENCE; Schema: dmes; Owner: sipPrueba
--

CREATE SEQUENCE sqscemployee
    START WITH 1
    INCREMENT BY 1
    NO MINVALUE
    MAXVALUE 11111111111111111
    CACHE 1;


ALTER TABLE dmes.sqscemployee OWNER TO "sipPrueba";

--
-- TOC entry 225 (class 1259 OID 20499)
-- Name: sqscinput; Type: SEQUENCE; Schema: dmes; Owner: sipPrueba
--

CREATE SEQUENCE sqscinput
    START WITH 1
    INCREMENT BY 1
    NO MINVALUE
    MAXVALUE 111111111111111111
    CACHE 1;


ALTER TABLE dmes.sqscinput OWNER TO "sipPrueba";

--
-- TOC entry 226 (class 1259 OID 20501)
-- Name: sqscinputdimension; Type: SEQUENCE; Schema: dmes; Owner: sipPrueba
--

CREATE SEQUENCE sqscinputdimension
    START WITH 1
    INCREMENT BY 1
    NO MINVALUE
    MAXVALUE 111111111111111111
    CACHE 1;


ALTER TABLE dmes.sqscinputdimension OWNER TO "sipPrueba";

--
-- TOC entry 227 (class 1259 OID 20503)
-- Name: sqscinputdocuments; Type: SEQUENCE; Schema: dmes; Owner: sipPrueba
--

CREATE SEQUENCE sqscinputdocuments
    START WITH 1
    INCREMENT BY 1
    NO MINVALUE
    MAXVALUE 111111111111111111
    CACHE 1;


ALTER TABLE dmes.sqscinputdocuments OWNER TO "sipPrueba";

--
-- TOC entry 228 (class 1259 OID 20505)
-- Name: sqscinputequivalence; Type: SEQUENCE; Schema: dmes; Owner: sipPrueba
--

CREATE SEQUENCE sqscinputequivalence
    START WITH 1
    INCREMENT BY 1
    NO MINVALUE
    MAXVALUE 111111111111111111
    CACHE 1;


ALTER TABLE dmes.sqscinputequivalence OWNER TO "sipPrueba";

--
-- TOC entry 229 (class 1259 OID 20507)
-- Name: sqscinputfeature; Type: SEQUENCE; Schema: dmes; Owner: sipPrueba
--

CREATE SEQUENCE sqscinputfeature
    START WITH 1
    INCREMENT BY 1
    NO MINVALUE
    MAXVALUE 111111111111111111
    CACHE 1;


ALTER TABLE dmes.sqscinputfeature OWNER TO "sipPrueba";

--
-- TOC entry 230 (class 1259 OID 20509)
-- Name: sqscinputobservation; Type: SEQUENCE; Schema: dmes; Owner: sipPrueba
--

CREATE SEQUENCE sqscinputobservation
    START WITH 1
    INCREMENT BY 1
    NO MINVALUE
    MAXVALUE 111111111111111111
    CACHE 1;


ALTER TABLE dmes.sqscinputobservation OWNER TO "sipPrueba";

--
-- TOC entry 231 (class 1259 OID 20511)
-- Name: sqscinputspecification; Type: SEQUENCE; Schema: dmes; Owner: sipPrueba
--

CREATE SEQUENCE sqscinputspecification
    START WITH 1
    INCREMENT BY 1
    NO MINVALUE
    MAXVALUE 111111111111111111
    CACHE 1;


ALTER TABLE dmes.sqscinputspecification OWNER TO "sipPrueba";

--
-- TOC entry 232 (class 1259 OID 20513)
-- Name: sqsclocation; Type: SEQUENCE; Schema: dmes; Owner: sipPrueba
--

CREATE SEQUENCE sqsclocation
    START WITH 1
    INCREMENT BY 1
    NO MINVALUE
    MAXVALUE 111111111111111111
    CACHE 1;


ALTER TABLE dmes.sqsclocation OWNER TO "sipPrueba";

--
-- TOC entry 233 (class 1259 OID 20515)
-- Name: sqscmachine; Type: SEQUENCE; Schema: dmes; Owner: sipPrueba
--

CREATE SEQUENCE sqscmachine
    START WITH 1
    INCREMENT BY 1
    NO MINVALUE
    MAXVALUE 111111111111111111
    CACHE 1;


ALTER TABLE dmes.sqscmachine OWNER TO "sipPrueba";

--
-- TOC entry 234 (class 1259 OID 20517)
-- Name: sqscmails; Type: SEQUENCE; Schema: dmes; Owner: sipPrueba
--

CREATE SEQUENCE sqscmails
    START WITH 6
    INCREMENT BY 1
    NO MINVALUE
    MAXVALUE 111111111111111111
    CACHE 1;


ALTER TABLE dmes.sqscmails OWNER TO "sipPrueba";

--
-- TOC entry 235 (class 1259 OID 20519)
-- Name: sqscmaintenanceplan; Type: SEQUENCE; Schema: dmes; Owner: sipPrueba
--

CREATE SEQUENCE sqscmaintenanceplan
    START WITH 1
    INCREMENT BY 1
    NO MINVALUE
    MAXVALUE 11111111111111111
    CACHE 1;


ALTER TABLE dmes.sqscmaintenanceplan OWNER TO "sipPrueba";

--
-- TOC entry 236 (class 1259 OID 20521)
-- Name: sqscmeasure; Type: SEQUENCE; Schema: dmes; Owner: sipPrueba
--

CREATE SEQUENCE sqscmeasure
    START WITH 1
    INCREMENT BY 1
    NO MINVALUE
    MAXVALUE 111111111111111111
    CACHE 1;


ALTER TABLE dmes.sqscmeasure OWNER TO "sipPrueba";

--
-- TOC entry 237 (class 1259 OID 20523)
-- Name: sqscmodulespermissionbyrole; Type: SEQUENCE; Schema: dmes; Owner: sipPrueba
--

CREATE SEQUENCE sqscmodulespermissionbyrole
    START WITH 17
    INCREMENT BY 1
    NO MINVALUE
    MAXVALUE 111111111111111111
    CACHE 1;


ALTER TABLE dmes.sqscmodulespermissionbyrole OWNER TO "sipPrueba";

--
-- TOC entry 238 (class 1259 OID 20525)
-- Name: sqscmoney; Type: SEQUENCE; Schema: dmes; Owner: sipPrueba
--

CREATE SEQUENCE sqscmoney
    START WITH 1
    INCREMENT BY 1
    NO MINVALUE
    MAXVALUE 111111111111111111
    CACHE 1;


ALTER TABLE dmes.sqscmoney OWNER TO "sipPrueba";

--
-- TOC entry 239 (class 1259 OID 20527)
-- Name: sqscoperatingconditions; Type: SEQUENCE; Schema: dmes; Owner: sipPrueba
--

CREATE SEQUENCE sqscoperatingconditions
    START WITH 1
    INCREMENT BY 1
    NO MINVALUE
    MAXVALUE 111111111111111111
    CACHE 1;


ALTER TABLE dmes.sqscoperatingconditions OWNER TO "sipPrueba";

--
-- TOC entry 240 (class 1259 OID 20529)
-- Name: sqscpackingunit; Type: SEQUENCE; Schema: dmes; Owner: sipPrueba
--

CREATE SEQUENCE sqscpackingunit
    START WITH 1
    INCREMENT BY 1
    NO MINVALUE
    MAXVALUE 111111111111111111
    CACHE 1;


ALTER TABLE dmes.sqscpackingunit OWNER TO "sipPrueba";

--
-- TOC entry 241 (class 1259 OID 20531)
-- Name: sqscpartners; Type: SEQUENCE; Schema: dmes; Owner: sipPrueba
--

CREATE SEQUENCE sqscpartners
    START WITH 15
    INCREMENT BY 1
    NO MINVALUE
    MAXVALUE 11111111111111111
    CACHE 1;


ALTER TABLE dmes.sqscpartners OWNER TO "sipPrueba";

--
-- TOC entry 242 (class 1259 OID 20533)
-- Name: sqscpartsandconsumables; Type: SEQUENCE; Schema: dmes; Owner: sipPrueba
--

CREATE SEQUENCE sqscpartsandconsumables
    START WITH 1
    INCREMENT BY 1
    NO MINVALUE
    MAXVALUE 111111111111111111
    CACHE 1;


ALTER TABLE dmes.sqscpartsandconsumables OWNER TO "sipPrueba";

--
-- TOC entry 243 (class 1259 OID 20536)
-- Name: sqscpersondocumentationattached; Type: SEQUENCE; Schema: dmes; Owner: sipPrueba
--

CREATE SEQUENCE sqscpersondocumentationattached
    START WITH 6
    INCREMENT BY 1
    NO MINVALUE
    MAXVALUE 111111111111111111
    CACHE 1;


ALTER TABLE dmes.sqscpersondocumentationattached OWNER TO "sipPrueba";

--
-- TOC entry 244 (class 1259 OID 20538)
-- Name: sqscpersonobservations; Type: SEQUENCE; Schema: dmes; Owner: sipPrueba
--

CREATE SEQUENCE sqscpersonobservations
    START WITH 6
    INCREMENT BY 1
    NO MINVALUE
    MAXVALUE 111111111111111111
    CACHE 1;


ALTER TABLE dmes.sqscpersonobservations OWNER TO "sipPrueba";

--
-- TOC entry 245 (class 1259 OID 20540)
-- Name: sqscpersons; Type: SEQUENCE; Schema: dmes; Owner: sipPrueba
--

CREATE SEQUENCE sqscpersons
    START WITH 1
    INCREMENT BY 1
    NO MINVALUE
    MAXVALUE 111111111111111111
    CACHE 1;


ALTER TABLE dmes.sqscpersons OWNER TO "sipPrueba";

--
-- TOC entry 246 (class 1259 OID 20542)
-- Name: sqscpersonspecifications; Type: SEQUENCE; Schema: dmes; Owner: sipPrueba
--

CREATE SEQUENCE sqscpersonspecifications
    START WITH 6
    INCREMENT BY 1
    NO MINVALUE
    MAXVALUE 111111111111111111
    CACHE 1;


ALTER TABLE dmes.sqscpersonspecifications OWNER TO "sipPrueba";

--
-- TOC entry 247 (class 1259 OID 20544)
-- Name: sqscphones; Type: SEQUENCE; Schema: dmes; Owner: sipPrueba
--

CREATE SEQUENCE sqscphones
    START WITH 6
    INCREMENT BY 1
    NO MINVALUE
    MAXVALUE 111111111111111111
    CACHE 1;


ALTER TABLE dmes.sqscphones OWNER TO "sipPrueba";

--
-- TOC entry 248 (class 1259 OID 20546)
-- Name: sqscphoto; Type: SEQUENCE; Schema: dmes; Owner: sipPrueba
--

CREATE SEQUENCE sqscphoto
    START WITH 1
    INCREMENT BY 1
    NO MINVALUE
    MAXVALUE 11111111111111111
    CACHE 1;


ALTER TABLE dmes.sqscphoto OWNER TO "sipPrueba";

--
-- TOC entry 249 (class 1259 OID 20548)
-- Name: sqscprocessattached; Type: SEQUENCE; Schema: dmes; Owner: sipPrueba
--

CREATE SEQUENCE sqscprocessattached
    START WITH 1
    INCREMENT BY 1
    NO MINVALUE
    MAXVALUE 111111111111111111
    CACHE 1;


ALTER TABLE dmes.sqscprocessattached OWNER TO "sipPrueba";

--
-- TOC entry 250 (class 1259 OID 20550)
-- Name: sqscprocessemployee; Type: SEQUENCE; Schema: dmes; Owner: sipPrueba
--

CREATE SEQUENCE sqscprocessemployee
    START WITH 1
    INCREMENT BY 1
    NO MINVALUE
    MAXVALUE 111111111111111111
    CACHE 1;


ALTER TABLE dmes.sqscprocessemployee OWNER TO "sipPrueba";

--
-- TOC entry 251 (class 1259 OID 20552)
-- Name: sqscprocessinput; Type: SEQUENCE; Schema: dmes; Owner: sipPrueba
--

CREATE SEQUENCE sqscprocessinput
    START WITH 1
    INCREMENT BY 1
    NO MINVALUE
    MAXVALUE 111111111111111111
    CACHE 1;


ALTER TABLE dmes.sqscprocessinput OWNER TO "sipPrueba";

--
-- TOC entry 252 (class 1259 OID 20554)
-- Name: sqscprocessmachine; Type: SEQUENCE; Schema: dmes; Owner: sipPrueba
--

CREATE SEQUENCE sqscprocessmachine
    START WITH 1
    INCREMENT BY 1
    NO MINVALUE
    MAXVALUE 111111111111111111
    CACHE 1;


ALTER TABLE dmes.sqscprocessmachine OWNER TO "sipPrueba";

--
-- TOC entry 253 (class 1259 OID 20556)
-- Name: sqscprocessproduct; Type: SEQUENCE; Schema: dmes; Owner: sipPrueba
--

CREATE SEQUENCE sqscprocessproduct
    START WITH 1
    INCREMENT BY 1
    NO MINVALUE
    MAXVALUE 111111111111111111
    CACHE 1;


ALTER TABLE dmes.sqscprocessproduct OWNER TO "sipPrueba";

--
-- TOC entry 254 (class 1259 OID 20558)
-- Name: sqscprocesstype; Type: SEQUENCE; Schema: dmes; Owner: sipPrueba
--

CREATE SEQUENCE sqscprocesstype
    START WITH 1
    INCREMENT BY 1
    NO MINVALUE
    MAXVALUE 111111111111111111
    CACHE 1;


ALTER TABLE dmes.sqscprocesstype OWNER TO "sipPrueba";

--
-- TOC entry 255 (class 1259 OID 20560)
-- Name: sqscproductattached; Type: SEQUENCE; Schema: dmes; Owner: sipPrueba
--

CREATE SEQUENCE sqscproductattached
    START WITH 1
    INCREMENT BY 1
    NO MINVALUE
    MAXVALUE 111111111111111111
    CACHE 1;


ALTER TABLE dmes.sqscproductattached OWNER TO "sipPrueba";

--
-- TOC entry 256 (class 1259 OID 20562)
-- Name: sqscproductdocuments; Type: SEQUENCE; Schema: dmes; Owner: sipPrueba
--

CREATE SEQUENCE sqscproductdocuments
    START WITH 1
    INCREMENT BY 1
    NO MINVALUE
    MAXVALUE 111111111111111111
    CACHE 1;


ALTER TABLE dmes.sqscproductdocuments OWNER TO "sipPrueba";

--
-- TOC entry 257 (class 1259 OID 20564)
-- Name: sqscproductformulation; Type: SEQUENCE; Schema: dmes; Owner: sipPrueba
--

CREATE SEQUENCE sqscproductformulation
    START WITH 1
    INCREMENT BY 1
    NO MINVALUE
    MAXVALUE 111111111111111111
    CACHE 1;


ALTER TABLE dmes.sqscproductformulation OWNER TO "sipPrueba";

--
-- TOC entry 258 (class 1259 OID 20566)
-- Name: sqscroles; Type: SEQUENCE; Schema: dmes; Owner: sipPrueba
--

CREATE SEQUENCE sqscroles
    START WITH 2
    INCREMENT BY 1
    NO MINVALUE
    MAXVALUE 111111111111111111
    CACHE 1;


ALTER TABLE dmes.sqscroles OWNER TO "sipPrueba";

--
-- TOC entry 259 (class 1259 OID 20568)
-- Name: sqscservicesorproducts; Type: SEQUENCE; Schema: dmes; Owner: sipPrueba
--

CREATE SEQUENCE sqscservicesorproducts
    START WITH 15
    INCREMENT BY 1
    NO MINVALUE
    MAXVALUE 11111111111111111
    CACHE 1;


ALTER TABLE dmes.sqscservicesorproducts OWNER TO "sipPrueba";

--
-- TOC entry 260 (class 1259 OID 20570)
-- Name: sqscstock; Type: SEQUENCE; Schema: dmes; Owner: sipPrueba
--

CREATE SEQUENCE sqscstock
    START WITH 1
    INCREMENT BY 1
    NO MINVALUE
    MAXVALUE 111111111111111111
    CACHE 1;


ALTER TABLE dmes.sqscstock OWNER TO "sipPrueba";

--
-- TOC entry 261 (class 1259 OID 20572)
-- Name: sqscstore; Type: SEQUENCE; Schema: dmes; Owner: sipPrueba
--

CREATE SEQUENCE sqscstore
    START WITH 1
    INCREMENT BY 1
    NO MINVALUE
    MAXVALUE 11111111111111111
    CACHE 1;


ALTER TABLE dmes.sqscstore OWNER TO "sipPrueba";

--
-- TOC entry 262 (class 1259 OID 20574)
-- Name: sqsctools; Type: SEQUENCE; Schema: dmes; Owner: sipPrueba
--

CREATE SEQUENCE sqsctools
    START WITH 1
    INCREMENT BY 1
    NO MINVALUE
    MAXVALUE 111111111111111111
    CACHE 1;


ALTER TABLE dmes.sqsctools OWNER TO "sipPrueba";

--
-- TOC entry 263 (class 1259 OID 20576)
-- Name: sqscusers; Type: SEQUENCE; Schema: dmes; Owner: sipPrueba
--

CREATE SEQUENCE sqscusers
    START WITH 2
    INCREMENT BY 1
    NO MINVALUE
    MAXVALUE 11111111111111111
    CACHE 1;


ALTER TABLE dmes.sqscusers OWNER TO "sipPrueba";

--
-- TOC entry 264 (class 1259 OID 20578)
-- Name: sqscworkexperience; Type: SEQUENCE; Schema: dmes; Owner: sipPrueba
--

CREATE SEQUENCE sqscworkexperience
    START WITH 1
    INCREMENT BY 1
    NO MINVALUE
    MAXVALUE 11111111111111111
    CACHE 1;


ALTER TABLE dmes.sqscworkexperience OWNER TO "sipPrueba";

--
-- TOC entry 265 (class 1259 OID 20580)
-- Name: sqtype; Type: SEQUENCE; Schema: dmes; Owner: sipPrueba
--

CREATE SEQUENCE sqtype
    START WITH 1
    INCREMENT BY 1
    NO MINVALUE
    MAXVALUE 11111111
    CACHE 1;


ALTER TABLE dmes.sqtype OWNER TO "sipPrueba";

--
-- TOC entry 3320 (class 0 OID 20265)
-- Dependencies: 170
-- Data for Name: sc_class_type; Type: TABLE DATA; Schema: dmes; Owner: sipPrueba
--

INSERT INTO sc_class_type (id_class_type, class_type, creation_date, modify_date) VALUES (1, 'clasificacion maquina', '2014-08-12', '2014-08-12');
INSERT INTO sc_class_type (id_class_type, class_type, creation_date, modify_date) VALUES (2, 'prioridad', '2014-08-12', '2014-08-12');
INSERT INTO sc_class_type (id_class_type, class_type, creation_date, modify_date) VALUES (3, 'medida (dias, meses, años)', '2014-08-12', '2014-08-12');
INSERT INTO sc_class_type (id_class_type, class_type, creation_date, modify_date) VALUES (4, 'moneda', '2014-08-12', '2014-08-12');
INSERT INTO sc_class_type (id_class_type, class_type, creation_date, modify_date) VALUES (5, 'medida (peso)', '2014-08-12', '2014-08-12');
INSERT INTO sc_class_type (id_class_type, class_type, creation_date, modify_date) VALUES (6, 'medida (alto)', '2014-08-12', '2014-08-12');
INSERT INTO sc_class_type (id_class_type, class_type, creation_date, modify_date) VALUES (8, 'medida (corriente)', '2014-08-12', '2014-08-12');
INSERT INTO sc_class_type (id_class_type, class_type, creation_date, modify_date) VALUES (7, 'medida (potencial)', '2014-08-12', '2014-08-12');
INSERT INTO sc_class_type (id_class_type, class_type, creation_date, modify_date) VALUES (9, 'medida (voltage)', '2014-08-12', '2014-08-12');


--
-- TOC entry 3321 (class 0 OID 20268)
-- Dependencies: 171
-- Data for Name: sc_competencies; Type: TABLE DATA; Schema: dmes; Owner: sipPrueba
--

INSERT INTO sc_competencies (id_competencies, tittle, description, id_employee) VALUES (6, 'Liderazgo', 'Liderazgo', 8);


--
-- TOC entry 3322 (class 0 OID 20274)
-- Dependencies: 172
-- Data for Name: sc_constants_load_files; Type: TABLE DATA; Schema: dmes; Owner: sipPrueba
--

INSERT INTO sc_constants_load_files (id_constants_load_file, max_size_file, extension, path) VALUES (1, 10, '/(\.|\/)(pdf|xsl|doc|xlsx|docx|txt|pps|ppt|pptx|ppsx)$/', NULL);


--
-- TOC entry 3323 (class 0 OID 20280)
-- Dependencies: 173
-- Data for Name: sc_cost_center; Type: TABLE DATA; Schema: dmes; Owner: sipPrueba
--

INSERT INTO sc_cost_center (id_cost_center, description, cost_center, creation_date, modify_date) VALUES (4, 'Contabilidad', '2121331', '2015-02-12', NULL);
INSERT INTO sc_cost_center (id_cost_center, description, cost_center, creation_date, modify_date) VALUES (2, 'Mercadeo', '11212545', '2014-12-14', NULL);
INSERT INTO sc_cost_center (id_cost_center, description, cost_center, creation_date, modify_date) VALUES (1, 'Compras', '14454545', '2014-12-14', '2014-12-14');
INSERT INTO sc_cost_center (id_cost_center, description, cost_center, creation_date, modify_date) VALUES (3, 'Facturación', '52545582', '2015-01-14', NULL);
INSERT INTO sc_cost_center (id_cost_center, description, cost_center, creation_date, modify_date) VALUES (9, 'Sistemas', '32334323', '2015-02-25', NULL);
INSERT INTO sc_cost_center (id_cost_center, description, cost_center, creation_date, modify_date) VALUES (10, 'Servicios Generales', '32334323', '2015-02-27', NULL);
INSERT INTO sc_cost_center (id_cost_center, description, cost_center, creation_date, modify_date) VALUES (11, 'Recusos Humanos', '3234342', '2015-02-28', NULL);


--
-- TOC entry 3324 (class 0 OID 20283)
-- Dependencies: 174
-- Data for Name: sc_distribution_unit; Type: TABLE DATA; Schema: dmes; Owner: sipPrueba
--

INSERT INTO sc_distribution_unit (id_distribution_unit, acronym, description) VALUES (1, 'botella', 'una botella de cajas');
INSERT INTO sc_distribution_unit (id_distribution_unit, acronym, description) VALUES (2, 'Libras', '25 libras por cajas');
INSERT INTO sc_distribution_unit (id_distribution_unit, acronym, description) VALUES (3, 'Litros Cilindricos', 'Cantidad de litros en un cilindro');


--
-- TOC entry 3325 (class 0 OID 20286)
-- Dependencies: 175
-- Data for Name: sc_documents; Type: TABLE DATA; Schema: dmes; Owner: sipPrueba
--

INSERT INTO sc_documents (id_document, document_path, document_tittle, creation_date, document_name, id_person, upload_by, type_document) VALUES (23, '/home/guschavor/Chavarro_Ortiz_Gustavo_Adolfo', 'archvo', '2015-02-02', 'AF-Anexo Funcional-VCDE130800-EB-CO Definición de parámetros.doc', 1, 'guschaor', 'application/msword');
INSERT INTO sc_documents (id_document, document_path, document_tittle, creation_date, document_name, id_person, upload_by, type_document) VALUES (24, '/home/guschavor/Chavarro_Ortiz_Gustavo_Adolfo', 'borrar', '2015-02-02', 'Acta de Instalación.docx', 1, 'guschaor', 'application/vnd.openxmlformats-officedocument.wordprocessingml.document');
INSERT INTO sc_documents (id_document, document_path, document_tittle, creation_date, document_name, id_person, upload_by, type_document) VALUES (25, '/home/guschavor/Chavarro_Ortiz_Gustavo_Adolfo', 'test', '2015-02-02', 'Despliegue VMI CENCOSUD.doc', 1, 'guschaor', 'application/msword');
INSERT INTO sc_documents (id_document, document_path, document_tittle, creation_date, document_name, id_person, upload_by, type_document) VALUES (26, '/home/gchavarro88/Aconcha_Yoleidy', 'aconcha', '2015-02-03', 'JPQL BASICO.docx', 3, 'guschaor', 'application/vnd.openxmlformats-officedocument.wordprocessingml.document');


--
-- TOC entry 3326 (class 0 OID 20292)
-- Dependencies: 176
-- Data for Name: sc_employee; Type: TABLE DATA; Schema: dmes; Owner: sipPrueba
--

INSERT INTO sc_employee (id_employee, "position", formation, admission_date, retirement_date, active, salary, hour_value, porcentage, amount, creation_date, modify_date, id_person) VALUES (8, 'Administrador del Mundo', 'Ingeniero de Sistemas', '2014-11-10', NULL, 'Y', 30000000000000.00, 3233.00, 32.00, 33.00, '2014-11-19', NULL, 1);


--
-- TOC entry 3327 (class 0 OID 20295)
-- Dependencies: 177
-- Data for Name: sc_input; Type: TABLE DATA; Schema: dmes; Owner: sipPrueba
--

INSERT INTO sc_input (id_input, type_material, expiry_date, supplier_guarantee, mark, value, path_picture, cost_center, serie, creation_date, description, id_stock, id_priority, id_input_dimension, id_packing, id_money, total_amount_distribution, id_distribution_unit, distribution_amount, distribution_value, id_location) VALUES (8, 'Tipo de Prueba de Material', '2015-03-31', 1, 'Nike', 1200, '/home/guschaor/inputs_filePath/img/hqdefault.jpg', 4, '1212', '2015-03-19', 'Prueba de Insumo', 7, 1, 7, 4, 3, 123, 1, 3, 400.00, 5);
INSERT INTO sc_input (id_input, type_material, expiry_date, supplier_guarantee, mark, value, path_picture, cost_center, serie, creation_date, description, id_stock, id_priority, id_input_dimension, id_packing, id_money, total_amount_distribution, id_distribution_unit, distribution_amount, distribution_value, id_location) VALUES (13, 'Prueba', NULL, 1, 'Prueba', 1223, ' ', 4, 'AC3232323', '2015-03-29', 'Prueba de Insumo', 12, 2, 12, 5, 3, 72, 3, 12, 101.00, 7);
INSERT INTO sc_input (id_input, type_material, expiry_date, supplier_guarantee, mark, value, path_picture, cost_center, serie, creation_date, description, id_stock, id_priority, id_input_dimension, id_packing, id_money, total_amount_distribution, id_distribution_unit, distribution_amount, distribution_value, id_location) VALUES (7, 'dsdf', '2015-03-30', 1, 'dsfsd', 4333, ' ', 1, '22', '2015-03-17', 'amiguis', 6, 2, 6, 3, 3, 12, 1, 12, 361.00, 5);
INSERT INTO sc_input (id_input, type_material, expiry_date, supplier_guarantee, mark, value, path_picture, cost_center, serie, creation_date, description, id_stock, id_priority, id_input_dimension, id_packing, id_money, total_amount_distribution, id_distribution_unit, distribution_amount, distribution_value, id_location) VALUES (5, 'sdfsd', '2015-03-18', 15, 'fsfsd', 12323, '/home/gchavarro88/inputs_filePath/img/2014-08-10.jpg', 1, 'dfsdfsd', '2015-03-09', 'ddd', 4, 1, 4, 4, 1, 12, 1, 12, 1026.00, 1);


--
-- TOC entry 3328 (class 0 OID 20301)
-- Dependencies: 178
-- Data for Name: sc_input_dimension; Type: TABLE DATA; Schema: dmes; Owner: sipPrueba
--

INSERT INTO sc_input_dimension (id_input_dimension, hight, width, large, weight, volume, thickness, radio, observations) VALUES (2, '23-Mms', '23-Mms', '3-Mms', '23-Mts', '12-Mms', '23-Mms', '2-Mms', '');
INSERT INTO sc_input_dimension (id_input_dimension, hight, width, large, weight, volume, thickness, radio, observations) VALUES (7, '12-Mms', '2-KMS', '2-Mts', '', '', '', '', '');
INSERT INTO sc_input_dimension (id_input_dimension, hight, width, large, weight, volume, thickness, radio, observations) VALUES (12, '33-Mms', '33-KMS', '3-Mms', '55-KMS', '', '', '', '');
INSERT INTO sc_input_dimension (id_input_dimension, hight, width, large, weight, volume, thickness, radio, observations) VALUES (6, '1-Mms', '23-KMS', '23-KMS', '', '', '', '', '');
INSERT INTO sc_input_dimension (id_input_dimension, hight, width, large, weight, volume, thickness, radio, observations) VALUES (4, '1-Mms', '1-Mms', '1-Mms', '1-Mts', '1-Mms', '1-KMS', '1-Mms', '');
INSERT INTO sc_input_dimension (id_input_dimension, hight, width, large, weight, volume, thickness, radio, observations) VALUES (13, '12-KMS', '12-Mts', '3-KMS', '12-KMS', '12-Mms', '', '12-KMS', '');
INSERT INTO sc_input_dimension (id_input_dimension, hight, width, large, weight, volume, thickness, radio, observations) VALUES (15, '1-Mts', '2-Mts', '2-Mms', '3-Mts', '', '', '', '');
INSERT INTO sc_input_dimension (id_input_dimension, hight, width, large, weight, volume, thickness, radio, observations) VALUES (17, '1-Mts', '1-Mts', '2-Mms', '2-Mts', '', '', '', '');


--
-- TOC entry 3329 (class 0 OID 20307)
-- Dependencies: 179
-- Data for Name: sc_input_documents; Type: TABLE DATA; Schema: dmes; Owner: sipPrueba
--

INSERT INTO sc_input_documents (id_input_documents, document_path, document_tittle, creation_date, document_name, upload_by, type_document, id_input) VALUES (4, '/home/guschaor/inputs_filePath/docs/carta laboral ip total.pdf', 'Hoja de Vida', '2015-03-12', 'carta laboral ip total.pdf', 'guschaor', 'carta laboral ip total.pdf', 5);
INSERT INTO sc_input_documents (id_input_documents, document_path, document_tittle, creation_date, document_name, upload_by, type_document, id_input) VALUES (5, '/home/guschaor/inputs_filePath/docs/FActura une  HeiDy.pdf', 'Patron', '2015-03-12', 'FActura une  HeiDy.pdf', 'guschaor', 'FActura une  HeiDy.pdf', 5);
INSERT INTO sc_input_documents (id_input_documents, document_path, document_tittle, creation_date, document_name, upload_by, type_document, id_input) VALUES (6, '/home/guschaor/inputs_filePath/docs/CVJ_CERT_TRABAJO_CO.pdf', 'Prueba de documento v', '2015-03-19', 'CVJ_CERT_TRABAJO_CO.pdf', 'guschaor', 'application/pdf', 5);
INSERT INTO sc_input_documents (id_input_documents, document_path, document_tittle, creation_date, document_name, upload_by, type_document, id_input) VALUES (7, '/home/guschaor/inputs_filePath/docs', 'Segunda prueba', '2015-03-19', 'carta laboral ip total.pdf', 'guschaor', 'application/pdf', 5);


--
-- TOC entry 3330 (class 0 OID 20313)
-- Dependencies: 180
-- Data for Name: sc_input_equivalence; Type: TABLE DATA; Schema: dmes; Owner: sipPrueba
--



--
-- TOC entry 3331 (class 0 OID 20316)
-- Dependencies: 181
-- Data for Name: sc_input_feactures; Type: TABLE DATA; Schema: dmes; Owner: sipPrueba
--

INSERT INTO sc_input_feactures (id_input_feactures, tittle, description, id_input) VALUES (8, 'sdfsdf', 'sdfsddf', 5);
INSERT INTO sc_input_feactures (id_input_feactures, tittle, description, id_input) VALUES (9, 'sdfsdfs', 'fsdfsd', 5);
INSERT INTO sc_input_feactures (id_input_feactures, tittle, description, id_input) VALUES (10, 'sdfsdfsd', 'sdfsdf', 5);
INSERT INTO sc_input_feactures (id_input_feactures, tittle, description, id_input) VALUES (11, 'sdfsdfsd', 'fsdfsd', 5);


--
-- TOC entry 3332 (class 0 OID 20322)
-- Dependencies: 182
-- Data for Name: sc_input_observations; Type: TABLE DATA; Schema: dmes; Owner: sipPrueba
--

INSERT INTO sc_input_observations (id_input_observation, tittle, description, id_input) VALUES (5, 'fsdfsdf', 'dfsdfs', 5);
INSERT INTO sc_input_observations (id_input_observation, tittle, description, id_input) VALUES (6, 'sdfsdf', 'sdfsdf', 5);
INSERT INTO sc_input_observations (id_input_observation, tittle, description, id_input) VALUES (7, 'sdfsdfs', 'sdfsdfsd', 5);


--
-- TOC entry 3333 (class 0 OID 20328)
-- Dependencies: 183
-- Data for Name: sc_input_specifications; Type: TABLE DATA; Schema: dmes; Owner: sipPrueba
--

INSERT INTO sc_input_specifications (id_input_specifications, description, tittle, creation_date, id_input) VALUES (10, 'sdfsd', 'dfsdf', '2015-03-09', 5);
INSERT INTO sc_input_specifications (id_input_specifications, description, tittle, creation_date, id_input) VALUES (11, 'sdfsd', 'dfsfsd', '2015-03-09', 5);
INSERT INTO sc_input_specifications (id_input_specifications, description, tittle, creation_date, id_input) VALUES (12, 'sdfsd', 'sdfsdf', '2015-03-09', 5);


--
-- TOC entry 3334 (class 0 OID 20334)
-- Dependencies: 184
-- Data for Name: sc_location; Type: TABLE DATA; Schema: dmes; Owner: sipPrueba
--

INSERT INTO sc_location (id_location, location, description, id_store) VALUES (1, 'Superir', 'Lado superiro del insumo', 1);
INSERT INTO sc_location (id_location, location, description, id_store) VALUES (2, 'Inferior', 'Lado inferior en la posicion del almacen', 2);
INSERT INTO sc_location (id_location, location, description, id_store) VALUES (3, 'Medio', 'Parte media del almacen', 3);
INSERT INTO sc_location (id_location, location, description, id_store) VALUES (5, 'sfsd', 'sfsd', 1);
INSERT INTO sc_location (id_location, location, description, id_store) VALUES (6, 'Superior Derecha', 'dfsdfds', 2);
INSERT INTO sc_location (id_location, location, description, id_store) VALUES (7, 'Bloque 1 Seccion 3', '', 3);
INSERT INTO sc_location (id_location, location, description, id_store) VALUES (8, 'Bloque 3 Sección 2', '', 4);
INSERT INTO sc_location (id_location, location, description, id_store) VALUES (9, 'Bloque 3 Sección 2e', '', 5);
INSERT INTO sc_location (id_location, location, description, id_store) VALUES (10, 'Norte suro', 'Ubicación del norte a sur', 1);
INSERT INTO sc_location (id_location, location, description, id_store) VALUES (11, 'Hershita posición', 'Es una posición de prueba', 1);


--
-- TOC entry 3335 (class 0 OID 20340)
-- Dependencies: 185
-- Data for Name: sc_machine; Type: TABLE DATA; Schema: dmes; Owner: sipPrueba
--

INSERT INTO sc_machine (id_machine, name, hour_value) VALUES (1, 'Máquina 1', 1000.00);
INSERT INTO sc_machine (id_machine, name, hour_value) VALUES (2, 'Máquina 2', 2000.00);
INSERT INTO sc_machine (id_machine, name, hour_value) VALUES (3, 'Máquina 4', 4000.00);


--
-- TOC entry 3336 (class 0 OID 20343)
-- Dependencies: 186
-- Data for Name: sc_mails; Type: TABLE DATA; Schema: dmes; Owner: sipPrueba
--

INSERT INTO sc_mails (id_mail, mail, description, id_person) VALUES (9, 'notengo@notengo.com', 'No tiene', 11);
INSERT INTO sc_mails (id_mail, mail, description, id_person) VALUES (12, 'nataliagiron99@gmail.com', 'Correo Personal', 13);
INSERT INTO sc_mails (id_mail, mail, description, id_person) VALUES (13, 'dede@hdodk.com', 'Erróneo', 11);


--
-- TOC entry 3337 (class 0 OID 20346)
-- Dependencies: 187
-- Data for Name: sc_maintenance_plan; Type: TABLE DATA; Schema: dmes; Owner: sipPrueba
--



--
-- TOC entry 3338 (class 0 OID 20349)
-- Dependencies: 188
-- Data for Name: sc_measure_unit; Type: TABLE DATA; Schema: dmes; Owner: sipPrueba
--

INSERT INTO sc_measure_unit (id_measure, acronym, type) VALUES (1, 'Mts', 'Metros');
INSERT INTO sc_measure_unit (id_measure, acronym, type) VALUES (2, 'Mms', 'Milimetros');
INSERT INTO sc_measure_unit (id_measure, acronym, type) VALUES (4, 'KMS', 'Kilometros');


--
-- TOC entry 3339 (class 0 OID 20352)
-- Dependencies: 189
-- Data for Name: sc_module_permission; Type: TABLE DATA; Schema: dmes; Owner: sipPrueba
--

INSERT INTO sc_module_permission (id_module_permission, name, description, icone, type, id_father, page) VALUES (1, 'Gestión de Planta', NULL, 'bar.png', 'Home', -1, 'Help.jsf');
INSERT INTO sc_module_permission (id_module_permission, name, description, icone, type, id_father, page) VALUES (2, 'Visibilidad de Planta', NULL, 'oee.png', 'Folder', 1, 'Help.jsf');
INSERT INTO sc_module_permission (id_module_permission, name, description, icone, type, id_father, page) VALUES (3, 'Programación de Orden de Fabricación', NULL, 'ord.png', 'Folder', 1, 'Help.jsf');
INSERT INTO sc_module_permission (id_module_permission, name, description, icone, type, id_father, page) VALUES (5, 'Gestión del Mantenimiento', NULL, 'man.png', 'Folder', 1, 'Help.jsf');
INSERT INTO sc_module_permission (id_module_permission, name, description, icone, type, id_father, page) VALUES (6, 'Gestión de los Recursos', NULL, 'rec.png', 'Folder', 1, 'Help.jsf');
INSERT INTO sc_module_permission (id_module_permission, name, description, icone, type, id_father, page) VALUES (7, 'Configuraciones', NULL, 'confi.png', 'Folder', 1, 'Help.jsf');
INSERT INTO sc_module_permission (id_module_permission, name, description, icone, type, id_father, page) VALUES (9, 'Recursos Humanos', '', NULL, 'Folder', 7, 'Help.jsf');
INSERT INTO sc_module_permission (id_module_permission, name, description, icone, type, id_father, page) VALUES (10, 'Recursos Materiales', NULL, NULL, 'Folder', 7, 'Help.jsf');
INSERT INTO sc_module_permission (id_module_permission, name, description, icone, type, id_father, page) VALUES (14, 'Usuarios', '', NULL, 'Item', 13, 'security/Scusers.jsf');
INSERT INTO sc_module_permission (id_module_permission, name, description, icone, type, id_father, page) VALUES (8, 'Cerrar Sesión', NULL, 'salir.png', 'Folder', 1, 'exit');
INSERT INTO sc_module_permission (id_module_permission, name, description, icone, type, id_father, page) VALUES (13, 'Usuarios y Permisos', '', NULL, 'Folder', 7, 'Help.jsf');
INSERT INTO sc_module_permission (id_module_permission, name, description, icone, type, id_father, page) VALUES (15, 'Grupos y Roles', NULL, NULL, 'Item', 13, 'security/Scroles.jsf');
INSERT INTO sc_module_permission (id_module_permission, name, description, icone, type, id_father, page) VALUES (16, 'Terceros', NULL, NULL, 'Item', 13, 'security/Scperson.jsf');
INSERT INTO sc_module_permission (id_module_permission, name, description, icone, type, id_father, page) VALUES (11, 'Empleados', NULL, NULL, 'Item', 9, 'resources/humans/ScEmployees.jsf');
INSERT INTO sc_module_permission (id_module_permission, name, description, icone, type, id_father, page) VALUES (12, 'Proveedores', NULL, NULL, 'Item', 9, 'resources/humans/ScPartners.jsf');
INSERT INTO sc_module_permission (id_module_permission, name, description, icone, type, id_father, page) VALUES (18, 'Cargue de Documentos', NULL, NULL, 'Folder', 7, ' Help.jsf');
INSERT INTO sc_module_permission (id_module_permission, name, description, icone, type, id_father, page) VALUES (21, 'Cargue de Parámetros', NULL, NULL, 'Folder', 7, 'Help.jsf');
INSERT INTO sc_module_permission (id_module_permission, name, description, icone, type, id_father, page) VALUES (22, 'Parámetros Básicos', NULL, NULL, 'Item', 21, 'Help.jsf');
INSERT INTO sc_module_permission (id_module_permission, name, description, icone, type, id_father, page) VALUES (19, 'Documentos por Usuario', NULL, NULL, 'Item', 18, 'LoadDocuments/FsdocumentsByUser.jsf');
INSERT INTO sc_module_permission (id_module_permission, name, description, icone, type, id_father, page) VALUES (4, 'Gestión de la Calidad y la Trazabilidad', NULL, 'cal.png', 'Folder', 1, 'Help.jsf');
INSERT INTO sc_module_permission (id_module_permission, name, description, icone, type, id_father, page) VALUES (20, 'Documentos a Usuario', NULL, NULL, 'Item', 18, 'LoadDocuments/FsdocumentsToUser.jsf');
INSERT INTO sc_module_permission (id_module_permission, name, description, icone, type, id_father, page) VALUES (24, 'Insumos', NULL, NULL, 'Item', 10, 'resources/materials/ScInput.jsf');
INSERT INTO sc_module_permission (id_module_permission, name, description, icone, type, id_father, page) VALUES (25, 'Formulación de Productos', NULL, NULL, 'Item', 10, 'resources/materials/ScProductFormulation.jsf');
INSERT INTO sc_module_permission (id_module_permission, name, description, icone, type, id_father, page) VALUES (23, 'Almacén', NULL, NULL, 'Item', 10, 'Help.jsf');
INSERT INTO sc_module_permission (id_module_permission, name, description, icone, type, id_father, page) VALUES (17, 'Máquina', NULL, NULL, 'Item', 10, 'resources/materials/ScMachines.jsf');


--
-- TOC entry 3340 (class 0 OID 20358)
-- Dependencies: 190
-- Data for Name: sc_module_permission_by_role; Type: TABLE DATA; Schema: dmes; Owner: sipPrueba
--

INSERT INTO sc_module_permission_by_role (id_module_permission_by_role, id_role, id_type, id_module_permission) VALUES (202, 6, 'CRUD', 1);
INSERT INTO sc_module_permission_by_role (id_module_permission_by_role, id_role, id_type, id_module_permission) VALUES (203, 6, 'CRUD', 7);
INSERT INTO sc_module_permission_by_role (id_module_permission_by_role, id_role, id_type, id_module_permission) VALUES (204, 6, 'CRUD', 13);
INSERT INTO sc_module_permission_by_role (id_module_permission_by_role, id_role, id_type, id_module_permission) VALUES (205, 6, 'CRUD', 15);
INSERT INTO sc_module_permission_by_role (id_module_permission_by_role, id_role, id_type, id_module_permission) VALUES (209, 6, 'CRUD', 14);
INSERT INTO sc_module_permission_by_role (id_module_permission_by_role, id_role, id_type, id_module_permission) VALUES (213, 6, 'CRUD', 16);
INSERT INTO sc_module_permission_by_role (id_module_permission_by_role, id_role, id_type, id_module_permission) VALUES (166, 2, 'CRUD', 1);
INSERT INTO sc_module_permission_by_role (id_module_permission_by_role, id_role, id_type, id_module_permission) VALUES (167, 2, 'CRUD', 7);
INSERT INTO sc_module_permission_by_role (id_module_permission_by_role, id_role, id_type, id_module_permission) VALUES (168, 2, 'CRUD', 9);
INSERT INTO sc_module_permission_by_role (id_module_permission_by_role, id_role, id_type, id_module_permission) VALUES (169, 2, 'CRUD', 11);
INSERT INTO sc_module_permission_by_role (id_module_permission_by_role, id_role, id_type, id_module_permission) VALUES (173, 2, 'CRUD', 12);
INSERT INTO sc_module_permission_by_role (id_module_permission_by_role, id_role, id_type, id_module_permission) VALUES (176, 2, 'CRUD', 13);
INSERT INTO sc_module_permission_by_role (id_module_permission_by_role, id_role, id_type, id_module_permission) VALUES (177, 2, 'CRUD', 14);
INSERT INTO sc_module_permission_by_role (id_module_permission_by_role, id_role, id_type, id_module_permission) VALUES (181, 2, 'CRUD', 16);
INSERT INTO sc_module_permission_by_role (id_module_permission_by_role, id_role, id_type, id_module_permission) VALUES (102, 5, 'CRUD', 1);
INSERT INTO sc_module_permission_by_role (id_module_permission_by_role, id_role, id_type, id_module_permission) VALUES (103, 5, 'CRUD', 7);
INSERT INTO sc_module_permission_by_role (id_module_permission_by_role, id_role, id_type, id_module_permission) VALUES (104, 5, 'CRUD', 13);
INSERT INTO sc_module_permission_by_role (id_module_permission_by_role, id_role, id_type, id_module_permission) VALUES (105, 5, 'CRUD', 15);
INSERT INTO sc_module_permission_by_role (id_module_permission_by_role, id_role, id_type, id_module_permission) VALUES (109, 5, 'CRUD', 16);
INSERT INTO sc_module_permission_by_role (id_module_permission_by_role, id_role, id_type, id_module_permission) VALUES (113, 5, 'CRUD', 14);
INSERT INTO sc_module_permission_by_role (id_module_permission_by_role, id_role, id_type, id_module_permission) VALUES (116, 5, 'CRUD', 9);
INSERT INTO sc_module_permission_by_role (id_module_permission_by_role, id_role, id_type, id_module_permission) VALUES (117, 5, 'CRUD', 12);
INSERT INTO sc_module_permission_by_role (id_module_permission_by_role, id_role, id_type, id_module_permission) VALUES (390, 1, 'CRUD', 1);
INSERT INTO sc_module_permission_by_role (id_module_permission_by_role, id_role, id_type, id_module_permission) VALUES (391, 1, 'CRUD', 7);
INSERT INTO sc_module_permission_by_role (id_module_permission_by_role, id_role, id_type, id_module_permission) VALUES (392, 1, 'CRUD', 13);
INSERT INTO sc_module_permission_by_role (id_module_permission_by_role, id_role, id_type, id_module_permission) VALUES (393, 1, 'CRUD', 15);
INSERT INTO sc_module_permission_by_role (id_module_permission_by_role, id_role, id_type, id_module_permission) VALUES (397, 1, 'CRUD', 14);
INSERT INTO sc_module_permission_by_role (id_module_permission_by_role, id_role, id_type, id_module_permission) VALUES (401, 1, 'CRUD', 16);
INSERT INTO sc_module_permission_by_role (id_module_permission_by_role, id_role, id_type, id_module_permission) VALUES (404, 1, 'CRUD', 9);
INSERT INTO sc_module_permission_by_role (id_module_permission_by_role, id_role, id_type, id_module_permission) VALUES (405, 1, 'CRUD', 11);
INSERT INTO sc_module_permission_by_role (id_module_permission_by_role, id_role, id_type, id_module_permission) VALUES (409, 1, 'CRUD', 12);
INSERT INTO sc_module_permission_by_role (id_module_permission_by_role, id_role, id_type, id_module_permission) VALUES (412, 1, 'CRUD', 10);
INSERT INTO sc_module_permission_by_role (id_module_permission_by_role, id_role, id_type, id_module_permission) VALUES (413, 1, 'CRUD', 17);
INSERT INTO sc_module_permission_by_role (id_module_permission_by_role, id_role, id_type, id_module_permission) VALUES (416, 1, 'CRUD', 18);
INSERT INTO sc_module_permission_by_role (id_module_permission_by_role, id_role, id_type, id_module_permission) VALUES (417, 1, 'CRUD', 20);
INSERT INTO sc_module_permission_by_role (id_module_permission_by_role, id_role, id_type, id_module_permission) VALUES (420, 1, 'CRUD', 21);
INSERT INTO sc_module_permission_by_role (id_module_permission_by_role, id_role, id_type, id_module_permission) VALUES (421, 1, 'CRUD', 22);
INSERT INTO sc_module_permission_by_role (id_module_permission_by_role, id_role, id_type, id_module_permission) VALUES (425, 1, 'CRUD', 19);
INSERT INTO sc_module_permission_by_role (id_module_permission_by_role, id_role, id_type, id_module_permission) VALUES (429, 1, 'CRUD', 23);
INSERT INTO sc_module_permission_by_role (id_module_permission_by_role, id_role, id_type, id_module_permission) VALUES (433, 1, 'CRUD', 24);
INSERT INTO sc_module_permission_by_role (id_module_permission_by_role, id_role, id_type, id_module_permission) VALUES (437, 1, 'CRUD', 25);


--
-- TOC entry 3341 (class 0 OID 20361)
-- Dependencies: 191
-- Data for Name: sc_money; Type: TABLE DATA; Schema: dmes; Owner: sipPrueba
--

INSERT INTO sc_money (id_money, description, acronym) VALUES (1, 'Dolar', '$');
INSERT INTO sc_money (id_money, description, acronym) VALUES (2, 'Pesos', '$');
INSERT INTO sc_money (id_money, description, acronym) VALUES (3, 'Libra', '£');
INSERT INTO sc_money (id_money, description, acronym) VALUES (4, 'Centavo', '¢');
INSERT INTO sc_money (id_money, description, acronym) VALUES (5, 'Yen', '¥');


--
-- TOC entry 3342 (class 0 OID 20364)
-- Dependencies: 192
-- Data for Name: sc_operating_conditions; Type: TABLE DATA; Schema: dmes; Owner: sipPrueba
--



--
-- TOC entry 3343 (class 0 OID 20370)
-- Dependencies: 193
-- Data for Name: sc_packing_unit; Type: TABLE DATA; Schema: dmes; Owner: sipPrueba
--

INSERT INTO sc_packing_unit (id_packing, description, acronym) VALUES (3, 'unidad de empaque', 'Caja');
INSERT INTO sc_packing_unit (id_packing, description, acronym) VALUES (5, 'Cilindro para gases', 'Cilindro');
INSERT INTO sc_packing_unit (id_packing, description, acronym) VALUES (4, 'arrobas', 'arroba');
INSERT INTO sc_packing_unit (id_packing, description, acronym) VALUES (6, 'Estibas', 'Estiba');
INSERT INTO sc_packing_unit (id_packing, description, acronym) VALUES (7, 'Cantidad medido en vasoso milimetricos', 'Vaso');


--
-- TOC entry 3344 (class 0 OID 20373)
-- Dependencies: 194
-- Data for Name: sc_partner; Type: TABLE DATA; Schema: dmes; Owner: sipPrueba
--

INSERT INTO sc_partner (id_partner, active, "position", web_page, creation_date, modify_date, id_person, company_name) VALUES (1, 'Y', 'Asesor', 'http://www.google.com', '2014-11-19', NULL, 13, 'Carvajal');
INSERT INTO sc_partner (id_partner, active, "position", web_page, creation_date, modify_date, id_person, company_name) VALUES (15, 'Y', 'dd', '', '2014-11-21', NULL, 11, 'ddd');


--
-- TOC entry 3345 (class 0 OID 20376)
-- Dependencies: 195
-- Data for Name: sc_parts_and_consumables; Type: TABLE DATA; Schema: dmes; Owner: sipPrueba
--



--
-- TOC entry 3346 (class 0 OID 20379)
-- Dependencies: 196
-- Data for Name: sc_person; Type: TABLE DATA; Schema: dmes; Owner: sipPrueba
--

INSERT INTO sc_person (id_person, first_name, last_name, age, country, city, personal_information, domicilie, studies, description, path_photo, creation_date, modify_date, identification) VALUES (2, 'Cristian Camilo', 'Chaparro Cuadros', 23, 'Colombia ', 'Cali', NULL, 'Oeste de Cali', NULL, NULL, '/', '2014-09-23', NULL, 111111111111111111);
INSERT INTO sc_person (id_person, first_name, last_name, age, country, city, personal_information, domicilie, studies, description, path_photo, creation_date, modify_date, identification) VALUES (11, 'Valentina', 'Trujillo Ocampo', 33, 'Colombia', 'Cali', 'Barrio Champañat', 'Carrera 28 # 9-52', 'Colegio 3 de primaria básica', 'Niña de Javier', '/', '2014-11-04', '2014-11-09', 11133333333);
INSERT INTO sc_person (id_person, first_name, last_name, age, country, city, personal_information, domicilie, studies, description, path_photo, creation_date, modify_date, identification) VALUES (3, 'Yoleidy', 'Aconcha', 26, 'Colombia', 'Cali', NULL, 'Carrera 103 Calle 49', NULL, NULL, '/', '2014-10-21', NULL, 11111111111111);
INSERT INTO sc_person (id_person, first_name, last_name, age, country, city, personal_information, domicilie, studies, description, path_photo, creation_date, modify_date, identification) VALUES (1, 'Gustavo Adolfo', 'Chavarro Ortiz', 26, 'Colombia', 'Cali', NULL, 'Carrera 21 # 13-16', NULL, NULL, '/', '2014-09-26', NULL, 1107046850);
INSERT INTO sc_person (id_person, first_name, last_name, age, country, city, personal_information, domicilie, studies, description, path_photo, creation_date, modify_date, identification) VALUES (14, 'carlos', 'uzman', 18, 'colombia', 'cali', 'ksksks', 'calle 100', 'ooo', 'sssss', '/', '2014-11-30', NULL, 222222222);
INSERT INTO sc_person (id_person, first_name, last_name, age, country, city, personal_information, domicilie, studies, description, path_photo, creation_date, modify_date, identification) VALUES (13, 'Lizeth Nathalia', 'Girón López ', 18, 'Colombia', 'Cali', 'Hershey''s - Maggie', 'Calle 23 # Alfonso Bonilla Aragón', 'Ingeniería Agrícola', 'Persona interesada en conocer la empresa', '/', '2014-11-08', '2015-03-15', 1149493828);


--
-- TOC entry 3347 (class 0 OID 20385)
-- Dependencies: 197
-- Data for Name: sc_person_observations; Type: TABLE DATA; Schema: dmes; Owner: sipPrueba
--

INSERT INTO sc_person_observations (id_person_observations, tittle, observation, id_person) VALUES (10, 'Almuerza', 'almuerza', 11);
INSERT INTO sc_person_observations (id_person_observations, tittle, observation, id_person) VALUES (11, 'Mi novia', 'es la persona que me alegra las mañanas', 13);
INSERT INTO sc_person_observations (id_person_observations, tittle, observation, id_person) VALUES (12, 'Mi novia', 'es la persona que me alegra las mañanas', 13);


--
-- TOC entry 3348 (class 0 OID 20391)
-- Dependencies: 198
-- Data for Name: sc_person_specifications; Type: TABLE DATA; Schema: dmes; Owner: sipPrueba
--

INSERT INTO sc_person_specifications (id_person_specifications, tittle, specification, id_person) VALUES (11, 'Dedicación', 'Dedicación', 11);


--
-- TOC entry 3349 (class 0 OID 20397)
-- Dependencies: 199
-- Data for Name: sc_phones; Type: TABLE DATA; Schema: dmes; Owner: sipPrueba
--

INSERT INTO sc_phones (id_phone, number_phone, description, id_person) VALUES (10, 3176600681, 'Telefono de Mama', 11);
INSERT INTO sc_phones (id_phone, number_phone, description, id_person) VALUES (14, 3117036163, 'Personal', 13);
INSERT INTO sc_phones (id_phone, number_phone, description, id_person) VALUES (15, 3182433265, 'Abuela', 11);


--
-- TOC entry 3350 (class 0 OID 20400)
-- Dependencies: 200
-- Data for Name: sc_photo; Type: TABLE DATA; Schema: dmes; Owner: sipPrueba
--



--
-- TOC entry 3351 (class 0 OID 20406)
-- Dependencies: 201
-- Data for Name: sc_priority; Type: TABLE DATA; Schema: dmes; Owner: sipPrueba
--

INSERT INTO sc_priority (id_priority, name, description) VALUES (1, 'Alta', 'Alta');
INSERT INTO sc_priority (id_priority, name, description) VALUES (2, 'Media', 'Media');
INSERT INTO sc_priority (id_priority, name, description) VALUES (3, 'Baja', 'Baja');


--
-- TOC entry 3352 (class 0 OID 20409)
-- Dependencies: 202
-- Data for Name: sc_procces_product; Type: TABLE DATA; Schema: dmes; Owner: sipPrueba
--

INSERT INTO sc_procces_product (id_process_product, id_process_type, name, description, total_time_machine, total_value_machine, total_value_input, total_time_process, total_value_process, total_time_employee, total_value_employee, id_product_formulation) VALUES (4, 2, 'Prueba', 'Prueba', 46, 3222.00, 146400.00, 412, 169343.30, 366, 19721.30, 5);
INSERT INTO sc_procces_product (id_process_product, id_process_type, name, description, total_time_machine, total_value_machine, total_value_input, total_time_process, total_value_process, total_time_employee, total_value_employee, id_product_formulation) VALUES (5, 2, 'PruebaPrueba', 'Prueba', 46, 3222.00, 146400.00, 412, 169343.30, 366, 19721.30, 5);
INSERT INTO sc_procces_product (id_process_product, id_process_type, name, description, total_time_machine, total_value_machine, total_value_input, total_time_process, total_value_process, total_time_employee, total_value_employee, id_product_formulation) VALUES (6, 2, 'desdPrueba', 'Prueba', 46, 3222.00, 146400.00, 412, 169343.30, 366, 19721.30, 5);


--
-- TOC entry 3353 (class 0 OID 20415)
-- Dependencies: 203
-- Data for Name: sc_process_attached; Type: TABLE DATA; Schema: dmes; Owner: sipPrueba
--



--
-- TOC entry 3354 (class 0 OID 20418)
-- Dependencies: 204
-- Data for Name: sc_process_employee; Type: TABLE DATA; Schema: dmes; Owner: sipPrueba
--

INSERT INTO sc_process_employee (id_process_employee, labor_description, time_use, other_expenses, total_value_employee, id_employee, id_process, description_other_expenses) VALUES (9, 'PruebaPrueba', 333, 0.00, 17943.15, 8, 5, '');
INSERT INTO sc_process_employee (id_process_employee, labor_description, time_use, other_expenses, total_value_employee, id_employee, id_process, description_other_expenses) VALUES (8, 'Prueba', 33, 0.00, 1778.15, 8, 5, '');


--
-- TOC entry 3355 (class 0 OID 20424)
-- Dependencies: 205
-- Data for Name: sc_process_input; Type: TABLE DATA; Schema: dmes; Owner: sipPrueba
--

INSERT INTO sc_process_input (id_process_input, id_process, id_input, amount_distribution, percentage_residue, total_value_input) VALUES (4, 5, 8, 33, 33.33, 13200.00);
INSERT INTO sc_process_input (id_process_input, id_process, id_input, amount_distribution, percentage_residue, total_value_input) VALUES (5, 5, 8, 333, 44.00, 133200.00);


--
-- TOC entry 3356 (class 0 OID 20427)
-- Dependencies: 206
-- Data for Name: sc_process_machine; Type: TABLE DATA; Schema: dmes; Owner: sipPrueba
--

INSERT INTO sc_process_machine (id_process_machine, id_machine, time_use, other_expenses, total_value_machine, id_process, description_other_expenses) VALUES (8, 3, 44, 0.00, 2933.33, 5, '');
INSERT INTO sc_process_machine (id_process_machine, id_machine, time_use, other_expenses, total_value_machine, id_process, description_other_expenses) VALUES (7, 2, 2, 222.00, 288.67, 5, 'Prueba');


--
-- TOC entry 3357 (class 0 OID 20433)
-- Dependencies: 207
-- Data for Name: sc_process_type; Type: TABLE DATA; Schema: dmes; Owner: sipPrueba
--

INSERT INTO sc_process_type (id_process_type, description, type) VALUES (1, 'Proceso realizado por la misma empresa', 'Interno');
INSERT INTO sc_process_type (id_process_type, description, type) VALUES (2, 'Proceso realizado po r un proveedor o fabricante', 'Externo');


--
-- TOC entry 3358 (class 0 OID 20436)
-- Dependencies: 208
-- Data for Name: sc_product_attached; Type: TABLE DATA; Schema: dmes; Owner: sipPrueba
--

INSERT INTO sc_product_attached (id_product_attached, type, tittle, description, id_product_formulation) VALUES (1, 'CARACTERISTICA', 'Café', 'Viscoso', 1);
INSERT INTO sc_product_attached (id_product_attached, type, tittle, description, id_product_formulation) VALUES (2, 'ESPECIFICACION', 'Viscoso', 'Viscoso', 1);
INSERT INTO sc_product_attached (id_product_attached, type, tittle, description, id_product_formulation) VALUES (3, 'OBSERVACION', 'eretrer', 'Viscoso', 1);
INSERT INTO sc_product_attached (id_product_attached, type, tittle, description, id_product_formulation) VALUES (4, 'OBSERVACION', 'Cuidados', 'Viscoso', 1);
INSERT INTO sc_product_attached (id_product_attached, type, tittle, description, id_product_formulation) VALUES (5, 'CARACTERISTICA', 'Café', 'Viscoso', 1);
INSERT INTO sc_product_attached (id_product_attached, type, tittle, description, id_product_formulation) VALUES (6, 'ESPECIFICACION', 'dfsdfd', 'Viscoso', 1);
INSERT INTO sc_product_attached (id_product_attached, type, tittle, description, id_product_formulation) VALUES (7, 'ESPECIFICACION', '12', 'Viscoso', 1);
INSERT INTO sc_product_attached (id_product_attached, type, tittle, description, id_product_formulation) VALUES (8, 'OBSERVACION', 'eretrer', 'Viscoso', 1);
INSERT INTO sc_product_attached (id_product_attached, type, tittle, description, id_product_formulation) VALUES (9, 'CARACTERISTICA', 'ddddd', 'Viscoso', 1);
INSERT INTO sc_product_attached (id_product_attached, type, tittle, description, id_product_formulation) VALUES (11, 'ESPECIFICACION', 'Saludo', 'Saludo', 1);
INSERT INTO sc_product_attached (id_product_attached, type, tittle, description, id_product_formulation) VALUES (12, 'ESPECIFICACION', 'SaludoSaludo', 'Saludo', 1);
INSERT INTO sc_product_attached (id_product_attached, type, tittle, description, id_product_formulation) VALUES (13, 'CARACTERISTICA', 'Saludo', 'Saludo', 1);
INSERT INTO sc_product_attached (id_product_attached, type, tittle, description, id_product_formulation) VALUES (14, 'CARACTERISTICA', 'SaludoSaludoSaludo', 'SaludoSaludoSaludo', 1);
INSERT INTO sc_product_attached (id_product_attached, type, tittle, description, id_product_formulation) VALUES (15, 'OBSERVACION', 'SaludoSaludoSaludoSaludo', 'SaludoSaludoSaludo', 1);
INSERT INTO sc_product_attached (id_product_attached, type, tittle, description, id_product_formulation) VALUES (25, 'CARACTERISTICA', 'Prueba', 'Prueba', 5);
INSERT INTO sc_product_attached (id_product_attached, type, tittle, description, id_product_formulation) VALUES (26, 'CARACTERISTICA', 'Prueba', 'Prueba', 5);
INSERT INTO sc_product_attached (id_product_attached, type, tittle, description, id_product_formulation) VALUES (27, 'OBSERVACION', 'Prueba', 'Prueba', 5);
INSERT INTO sc_product_attached (id_product_attached, type, tittle, description, id_product_formulation) VALUES (28, 'ESPECIFICACION', 'Prueba', 'Prueba', 5);
INSERT INTO sc_product_attached (id_product_attached, type, tittle, description, id_product_formulation) VALUES (29, 'ESPECIFICACION', 'Prueba', 'Prueba', 5);
INSERT INTO sc_product_attached (id_product_attached, type, tittle, description, id_product_formulation) VALUES (30, 'CARACTERISTICA', 'Prueba', 'Prueba', 5);
INSERT INTO sc_product_attached (id_product_attached, type, tittle, description, id_product_formulation) VALUES (31, 'OBSERVACION', 'Prueba', 'Prueba', 5);
INSERT INTO sc_product_attached (id_product_attached, type, tittle, description, id_product_formulation) VALUES (32, 'ESPECIFICACION', 'Prueba', 'Prueba', 5);


--
-- TOC entry 3359 (class 0 OID 20442)
-- Dependencies: 209
-- Data for Name: sc_product_documents; Type: TABLE DATA; Schema: dmes; Owner: sipPrueba
--

INSERT INTO sc_product_documents (id_product_documents, document_path, document_tittle, creation_date, document_name, upload_by, type_document, id_product_formulation) VALUES (1, '/home/guschaor/product_filePath/docs', 'Hoja de Vida', '2015-04-06', 'CUADRO DE FINANCIACION VIVIENDA.doc', 'guschaor', 'application/msword', 1);
INSERT INTO sc_product_documents (id_product_documents, document_path, document_tittle, creation_date, document_name, upload_by, type_document, id_product_formulation) VALUES (2, '/home/guschaor/product_filePath/docs', 'Saludo', '2015-04-07', 'Horas Extras 25072014 - 31072014.xls', 'guschaor', 'application/vnd.ms-excel', 1);
INSERT INTO sc_product_documents (id_product_documents, document_path, document_tittle, creation_date, document_name, upload_by, type_document, id_product_formulation) VALUES (3, '/home/guschaor/product_filePath/docs', 'Saludo', '2015-04-07', 'copia de Horas Extras 27062014 - 03072014.xls', 'guschaor', 'application/vnd.ms-excel', 1);
INSERT INTO sc_product_documents (id_product_documents, document_path, document_tittle, creation_date, document_name, upload_by, type_document, id_product_formulation) VALUES (5, '/home/guschaor/product_filePath/docs', 'Prueba', '2015-04-17', 'documento insumos.docx', 'guschaor', 'application/vnd.openxmlformats-officedocument.wordprocessingml.document', 5);


--
-- TOC entry 3360 (class 0 OID 20448)
-- Dependencies: 210
-- Data for Name: sc_product_formulation; Type: TABLE DATA; Schema: dmes; Owner: sipPrueba
--

INSERT INTO sc_product_formulation (id_product_formulation, path_picture, type_material, mark, serie, id_packing, expiry_date, creation_date, id_priority, id_cost_center, value, id_money, id_partner, id_location, manufacturing_time, description, id_product_dimension) VALUES (1, ' ', 'Liquido', 'ALPINA', 'AC12322', 7, NULL, '2015-04-06', 1, 1, 12000, 2, 1, 5, 123, 'Arequipe', 13);
INSERT INTO sc_product_formulation (id_product_formulation, path_picture, type_material, mark, serie, id_packing, expiry_date, creation_date, id_priority, id_cost_center, value, id_money, id_partner, id_location, manufacturing_time, description, id_product_dimension) VALUES (3, ' ', 'Solido', 'Sony', 'XperiaZ2', 3, NULL, '2015-04-11', 2, 3, 1200000, 1, 1, 7, 1200, 'Celular Sony', 15);
INSERT INTO sc_product_formulation (id_product_formulation, path_picture, type_material, mark, serie, id_packing, expiry_date, creation_date, id_priority, id_cost_center, value, id_money, id_partner, id_location, manufacturing_time, description, id_product_dimension) VALUES (5, ' ', 'Prueba', 'Prueba', 'Prueba', 5, NULL, '2015-04-17', 3, 4, 122, 4, 1, 6, 1333, 'Producto Proceso de Prueba', 17);


--
-- TOC entry 3361 (class 0 OID 20454)
-- Dependencies: 211
-- Data for Name: sc_roles; Type: TABLE DATA; Schema: dmes; Owner: sipPrueba
--

INSERT INTO sc_roles (id_role, name, description, creation_date, modify_date) VALUES (3, 'INGENIERO DE PRODUCCIÓN', 'Encargado de la revisión y gestión de ordenes para su aprobación', '2014-10-13', '2014-10-13');
INSERT INTO sc_roles (id_role, name, description, creation_date, modify_date) VALUES (5, 'AUXILIAR DE COMIDA', 'Auxiliar de Comida', '2014-10-13', '2014-10-13');
INSERT INTO sc_roles (id_role, name, description, creation_date, modify_date) VALUES (2, 'GESTIÓN HUMANA', 'sdddsdfdsfsddsf', '2014-10-13', '2014-10-13');
INSERT INTO sc_roles (id_role, name, description, creation_date, modify_date) VALUES (6, 'ARQUITECTO DE SOFTWARE', 'Encargado del diseño de componentes de la aplicación', '2014-10-13', '2014-10-13');
INSERT INTO sc_roles (id_role, name, description, creation_date, modify_date) VALUES (1, 'ADMINISTRATOR', 'Grupo de permisos infinitos', '2014-09-26', '2015-04-04');


--
-- TOC entry 3362 (class 0 OID 20460)
-- Dependencies: 212
-- Data for Name: sc_services_or_products; Type: TABLE DATA; Schema: dmes; Owner: sipPrueba
--



--
-- TOC entry 3363 (class 0 OID 20466)
-- Dependencies: 213
-- Data for Name: sc_stock; Type: TABLE DATA; Schema: dmes; Owner: sipPrueba
--

INSERT INTO sc_stock (id_stock, maxime_stock, minime_stock, current_stock, price_unit, total_value, id_store, optime_stock) VALUES (2, 12, 1, 22, 22, 22, 2, 22);
INSERT INTO sc_stock (id_stock, maxime_stock, minime_stock, current_stock, price_unit, total_value, id_store, optime_stock) VALUES (3, 12, 32, 23, 232, 2332, 2, 2332);
INSERT INTO sc_stock (id_stock, maxime_stock, minime_stock, current_stock, price_unit, total_value, id_store, optime_stock) VALUES (4, 1, 7, 7, 7, 7, 1, 7);
INSERT INTO sc_stock (id_stock, maxime_stock, minime_stock, current_stock, price_unit, total_value, id_store, optime_stock) VALUES (6, 12, 11, 12, 4, 48, 1, 11);
INSERT INTO sc_stock (id_stock, maxime_stock, minime_stock, current_stock, price_unit, total_value, id_store, optime_stock) VALUES (7, 12, 2, 3, 1200, 3600, 1, 12);
INSERT INTO sc_stock (id_stock, maxime_stock, minime_stock, current_stock, price_unit, total_value, id_store, optime_stock) VALUES (12, 12, 2, 6, 1223, 7338, 3, 3);


--
-- TOC entry 3364 (class 0 OID 20469)
-- Dependencies: 214
-- Data for Name: sc_store; Type: TABLE DATA; Schema: dmes; Owner: sipPrueba
--

INSERT INTO sc_store (id_store, name) VALUES (1, 'Almacen 1');
INSERT INTO sc_store (id_store, name) VALUES (2, 'Almacen 2');
INSERT INTO sc_store (id_store, name) VALUES (3, 'Almacen 3');
INSERT INTO sc_store (id_store, name) VALUES (4, 'Almacen 4');
INSERT INTO sc_store (id_store, name) VALUES (5, 'Almacen 5');


--
-- TOC entry 3365 (class 0 OID 20475)
-- Dependencies: 215
-- Data for Name: sc_tools; Type: TABLE DATA; Schema: dmes; Owner: sipPrueba
--



--
-- TOC entry 3366 (class 0 OID 20478)
-- Dependencies: 216
-- Data for Name: sc_type; Type: TABLE DATA; Schema: dmes; Owner: sipPrueba
--

INSERT INTO sc_type (id_type, type, id_class_type, creation_date, modify_date) VALUES (1, 'Eléctrica', 1, '2014-12-14', '2014-12-14');
INSERT INTO sc_type (id_type, type, id_class_type, creation_date, modify_date) VALUES (2, 'Hidráulica', 1, '2014-12-14', '2014-12-14');
INSERT INTO sc_type (id_type, type, id_class_type, creation_date, modify_date) VALUES (3, 'Alta', 2, '2014-12-14', '2014-12-14');
INSERT INTO sc_type (id_type, type, id_class_type, creation_date, modify_date) VALUES (4, 'Media', 2, '2014-12-14', '2014-12-14');
INSERT INTO sc_type (id_type, type, id_class_type, creation_date, modify_date) VALUES (5, 'Baja', 2, '2014-12-14', '2014-12-14');
INSERT INTO sc_type (id_type, type, id_class_type, creation_date, modify_date) VALUES (6, 'Dias', 3, '2014-12-14', '2014-12-14');
INSERT INTO sc_type (id_type, type, id_class_type, creation_date, modify_date) VALUES (7, 'Meses', 3, '2014-12-14', '2014-12-14');
INSERT INTO sc_type (id_type, type, id_class_type, creation_date, modify_date) VALUES (8, 'Años', 3, '2014-12-14', '2014-12-14');
INSERT INTO sc_type (id_type, type, id_class_type, creation_date, modify_date) VALUES (9, 'Pesos', 4, '2014-12-14', '2014-12-14');
INSERT INTO sc_type (id_type, type, id_class_type, creation_date, modify_date) VALUES (10, 'Dolares', 4, '2014-12-14', '2014-12-14');
INSERT INTO sc_type (id_type, type, id_class_type, creation_date, modify_date) VALUES (11, 'Euros', 4, '2014-12-14', '2014-12-14');


--
-- TOC entry 3367 (class 0 OID 20481)
-- Dependencies: 217
-- Data for Name: sc_users; Type: TABLE DATA; Schema: dmes; Owner: sipPrueba
--

INSERT INTO sc_users (id_user, id_person, id_role, login, password, creation_date, modify_date) VALUES (1, 1, 1, 'guschaor', '4e991c769a2b9a881189cd86c160b604', '2014-07-26', '2014-10-24');
INSERT INTO sc_users (id_user, id_person, id_role, login, password, creation_date, modify_date) VALUES (14, 2, 3, 'gggg', 'c1ebb4933e06ce5617483f665e26627c', '2014-11-15', '2014-11-16');
INSERT INTO sc_users (id_user, id_person, id_role, login, password, creation_date, modify_date) VALUES (16, 14, 1, 'carlos.guzman', '827ccb0eea8a706c4c34a16891f84e7b', '2014-11-30', NULL);
INSERT INTO sc_users (id_user, id_person, id_role, login, password, creation_date, modify_date) VALUES (4, 3, 1, 'yaconcha', '0525484994f3e8f42ba38c49930e356a', '2014-10-21', '2015-02-03');
INSERT INTO sc_users (id_user, id_person, id_role, login, password, creation_date, modify_date) VALUES (17, 13, 1, 'lisgirlo', '46e435b6e98cec728f5be5d4dbd97ffb', '2015-03-15', NULL);
INSERT INTO sc_users (id_user, id_person, id_role, login, password, creation_date, modify_date) VALUES (18, 11, 5, 'valentina', '3000e0a0b51c05df9739cd6c375c0330', '2015-03-15', '2015-03-15');


--
-- TOC entry 3368 (class 0 OID 20484)
-- Dependencies: 218
-- Data for Name: sc_work_experience; Type: TABLE DATA; Schema: dmes; Owner: sipPrueba
--

INSERT INTO sc_work_experience (id_work_experience, init_date, end_date, id_employee, company_name) VALUES (9, '2014-11-09', '2014-11-11', 8, 'Ip total');


--
-- TOC entry 3424 (class 0 OID 0)
-- Dependencies: 219
-- Name: sqclasstype; Type: SEQUENCE SET; Schema: dmes; Owner: sipPrueba
--

SELECT pg_catalog.setval('sqclasstype', 1, false);


--
-- TOC entry 3425 (class 0 OID 0)
-- Dependencies: 220
-- Name: sqsccompetencies; Type: SEQUENCE SET; Schema: dmes; Owner: sipPrueba
--

SELECT pg_catalog.setval('sqsccompetencies', 6, true);


--
-- TOC entry 3426 (class 0 OID 0)
-- Dependencies: 221
-- Name: sqsccostcenter; Type: SEQUENCE SET; Schema: dmes; Owner: sipPrueba
--

SELECT pg_catalog.setval('sqsccostcenter', 11, true);


--
-- TOC entry 3427 (class 0 OID 0)
-- Dependencies: 222
-- Name: sqscdistributionunit; Type: SEQUENCE SET; Schema: dmes; Owner: sipPrueba
--

SELECT pg_catalog.setval('sqscdistributionunit', 3, true);


--
-- TOC entry 3428 (class 0 OID 0)
-- Dependencies: 223
-- Name: sqscdocuments; Type: SEQUENCE SET; Schema: dmes; Owner: sipPrueba
--

SELECT pg_catalog.setval('sqscdocuments', 26, true);


--
-- TOC entry 3429 (class 0 OID 0)
-- Dependencies: 224
-- Name: sqscemployee; Type: SEQUENCE SET; Schema: dmes; Owner: sipPrueba
--

SELECT pg_catalog.setval('sqscemployee', 8, true);


--
-- TOC entry 3430 (class 0 OID 0)
-- Dependencies: 225
-- Name: sqscinput; Type: SEQUENCE SET; Schema: dmes; Owner: sipPrueba
--

SELECT pg_catalog.setval('sqscinput', 13, true);


--
-- TOC entry 3431 (class 0 OID 0)
-- Dependencies: 226
-- Name: sqscinputdimension; Type: SEQUENCE SET; Schema: dmes; Owner: sipPrueba
--

SELECT pg_catalog.setval('sqscinputdimension', 17, true);


--
-- TOC entry 3432 (class 0 OID 0)
-- Dependencies: 227
-- Name: sqscinputdocuments; Type: SEQUENCE SET; Schema: dmes; Owner: sipPrueba
--

SELECT pg_catalog.setval('sqscinputdocuments', 7, true);


--
-- TOC entry 3433 (class 0 OID 0)
-- Dependencies: 228
-- Name: sqscinputequivalence; Type: SEQUENCE SET; Schema: dmes; Owner: sipPrueba
--

SELECT pg_catalog.setval('sqscinputequivalence', 1, false);


--
-- TOC entry 3434 (class 0 OID 0)
-- Dependencies: 229
-- Name: sqscinputfeature; Type: SEQUENCE SET; Schema: dmes; Owner: sipPrueba
--

SELECT pg_catalog.setval('sqscinputfeature', 11, true);


--
-- TOC entry 3435 (class 0 OID 0)
-- Dependencies: 230
-- Name: sqscinputobservation; Type: SEQUENCE SET; Schema: dmes; Owner: sipPrueba
--

SELECT pg_catalog.setval('sqscinputobservation', 7, true);


--
-- TOC entry 3436 (class 0 OID 0)
-- Dependencies: 231
-- Name: sqscinputspecification; Type: SEQUENCE SET; Schema: dmes; Owner: sipPrueba
--

SELECT pg_catalog.setval('sqscinputspecification', 12, true);


--
-- TOC entry 3437 (class 0 OID 0)
-- Dependencies: 232
-- Name: sqsclocation; Type: SEQUENCE SET; Schema: dmes; Owner: sipPrueba
--

SELECT pg_catalog.setval('sqsclocation', 11, true);


--
-- TOC entry 3438 (class 0 OID 0)
-- Dependencies: 233
-- Name: sqscmachine; Type: SEQUENCE SET; Schema: dmes; Owner: sipPrueba
--

SELECT pg_catalog.setval('sqscmachine', 1, false);


--
-- TOC entry 3439 (class 0 OID 0)
-- Dependencies: 234
-- Name: sqscmails; Type: SEQUENCE SET; Schema: dmes; Owner: sipPrueba
--

SELECT pg_catalog.setval('sqscmails', 13, true);


--
-- TOC entry 3440 (class 0 OID 0)
-- Dependencies: 235
-- Name: sqscmaintenanceplan; Type: SEQUENCE SET; Schema: dmes; Owner: sipPrueba
--

SELECT pg_catalog.setval('sqscmaintenanceplan', 1, false);


--
-- TOC entry 3441 (class 0 OID 0)
-- Dependencies: 236
-- Name: sqscmeasure; Type: SEQUENCE SET; Schema: dmes; Owner: sipPrueba
--

SELECT pg_catalog.setval('sqscmeasure', 4, true);


--
-- TOC entry 3442 (class 0 OID 0)
-- Dependencies: 237
-- Name: sqscmodulespermissionbyrole; Type: SEQUENCE SET; Schema: dmes; Owner: sipPrueba
--

SELECT pg_catalog.setval('sqscmodulespermissionbyrole', 437, true);


--
-- TOC entry 3443 (class 0 OID 0)
-- Dependencies: 238
-- Name: sqscmoney; Type: SEQUENCE SET; Schema: dmes; Owner: sipPrueba
--

SELECT pg_catalog.setval('sqscmoney', 1, false);


--
-- TOC entry 3444 (class 0 OID 0)
-- Dependencies: 239
-- Name: sqscoperatingconditions; Type: SEQUENCE SET; Schema: dmes; Owner: sipPrueba
--

SELECT pg_catalog.setval('sqscoperatingconditions', 1, false);


--
-- TOC entry 3445 (class 0 OID 0)
-- Dependencies: 240
-- Name: sqscpackingunit; Type: SEQUENCE SET; Schema: dmes; Owner: sipPrueba
--

SELECT pg_catalog.setval('sqscpackingunit', 7, true);


--
-- TOC entry 3446 (class 0 OID 0)
-- Dependencies: 241
-- Name: sqscpartners; Type: SEQUENCE SET; Schema: dmes; Owner: sipPrueba
--

SELECT pg_catalog.setval('sqscpartners', 15, true);


--
-- TOC entry 3447 (class 0 OID 0)
-- Dependencies: 242
-- Name: sqscpartsandconsumables; Type: SEQUENCE SET; Schema: dmes; Owner: sipPrueba
--

SELECT pg_catalog.setval('sqscpartsandconsumables', 1, false);


--
-- TOC entry 3448 (class 0 OID 0)
-- Dependencies: 243
-- Name: sqscpersondocumentationattached; Type: SEQUENCE SET; Schema: dmes; Owner: sipPrueba
--

SELECT pg_catalog.setval('sqscpersondocumentationattached', 6, false);


--
-- TOC entry 3449 (class 0 OID 0)
-- Dependencies: 244
-- Name: sqscpersonobservations; Type: SEQUENCE SET; Schema: dmes; Owner: sipPrueba
--

SELECT pg_catalog.setval('sqscpersonobservations', 12, true);


--
-- TOC entry 3450 (class 0 OID 0)
-- Dependencies: 245
-- Name: sqscpersons; Type: SEQUENCE SET; Schema: dmes; Owner: sipPrueba
--

SELECT pg_catalog.setval('sqscpersons', 14, true);


--
-- TOC entry 3451 (class 0 OID 0)
-- Dependencies: 246
-- Name: sqscpersonspecifications; Type: SEQUENCE SET; Schema: dmes; Owner: sipPrueba
--

SELECT pg_catalog.setval('sqscpersonspecifications', 11, true);


--
-- TOC entry 3452 (class 0 OID 0)
-- Dependencies: 247
-- Name: sqscphones; Type: SEQUENCE SET; Schema: dmes; Owner: sipPrueba
--

SELECT pg_catalog.setval('sqscphones', 15, true);


--
-- TOC entry 3453 (class 0 OID 0)
-- Dependencies: 248
-- Name: sqscphoto; Type: SEQUENCE SET; Schema: dmes; Owner: sipPrueba
--

SELECT pg_catalog.setval('sqscphoto', 1, false);


--
-- TOC entry 3454 (class 0 OID 0)
-- Dependencies: 249
-- Name: sqscprocessattached; Type: SEQUENCE SET; Schema: dmes; Owner: sipPrueba
--

SELECT pg_catalog.setval('sqscprocessattached', 1, false);


--
-- TOC entry 3455 (class 0 OID 0)
-- Dependencies: 250
-- Name: sqscprocessemployee; Type: SEQUENCE SET; Schema: dmes; Owner: sipPrueba
--

SELECT pg_catalog.setval('sqscprocessemployee', 10, true);


--
-- TOC entry 3456 (class 0 OID 0)
-- Dependencies: 251
-- Name: sqscprocessinput; Type: SEQUENCE SET; Schema: dmes; Owner: sipPrueba
--

SELECT pg_catalog.setval('sqscprocessinput', 6, true);


--
-- TOC entry 3457 (class 0 OID 0)
-- Dependencies: 252
-- Name: sqscprocessmachine; Type: SEQUENCE SET; Schema: dmes; Owner: sipPrueba
--

SELECT pg_catalog.setval('sqscprocessmachine', 9, true);


--
-- TOC entry 3458 (class 0 OID 0)
-- Dependencies: 253
-- Name: sqscprocessproduct; Type: SEQUENCE SET; Schema: dmes; Owner: sipPrueba
--

SELECT pg_catalog.setval('sqscprocessproduct', 9, true);


--
-- TOC entry 3459 (class 0 OID 0)
-- Dependencies: 254
-- Name: sqscprocesstype; Type: SEQUENCE SET; Schema: dmes; Owner: sipPrueba
--

SELECT pg_catalog.setval('sqscprocesstype', 1, false);


--
-- TOC entry 3460 (class 0 OID 0)
-- Dependencies: 255
-- Name: sqscproductattached; Type: SEQUENCE SET; Schema: dmes; Owner: sipPrueba
--

SELECT pg_catalog.setval('sqscproductattached', 32, true);


--
-- TOC entry 3461 (class 0 OID 0)
-- Dependencies: 256
-- Name: sqscproductdocuments; Type: SEQUENCE SET; Schema: dmes; Owner: sipPrueba
--

SELECT pg_catalog.setval('sqscproductdocuments', 5, true);


--
-- TOC entry 3462 (class 0 OID 0)
-- Dependencies: 257
-- Name: sqscproductformulation; Type: SEQUENCE SET; Schema: dmes; Owner: sipPrueba
--

SELECT pg_catalog.setval('sqscproductformulation', 5, true);


--
-- TOC entry 3463 (class 0 OID 0)
-- Dependencies: 258
-- Name: sqscroles; Type: SEQUENCE SET; Schema: dmes; Owner: sipPrueba
--

SELECT pg_catalog.setval('sqscroles', 6, true);


--
-- TOC entry 3464 (class 0 OID 0)
-- Dependencies: 259
-- Name: sqscservicesorproducts; Type: SEQUENCE SET; Schema: dmes; Owner: sipPrueba
--

SELECT pg_catalog.setval('sqscservicesorproducts', 15, false);


--
-- TOC entry 3465 (class 0 OID 0)
-- Dependencies: 260
-- Name: sqscstock; Type: SEQUENCE SET; Schema: dmes; Owner: sipPrueba
--

SELECT pg_catalog.setval('sqscstock', 12, true);


--
-- TOC entry 3466 (class 0 OID 0)
-- Dependencies: 261
-- Name: sqscstore; Type: SEQUENCE SET; Schema: dmes; Owner: sipPrueba
--

SELECT pg_catalog.setval('sqscstore', 1, false);


--
-- TOC entry 3467 (class 0 OID 0)
-- Dependencies: 262
-- Name: sqsctools; Type: SEQUENCE SET; Schema: dmes; Owner: sipPrueba
--

SELECT pg_catalog.setval('sqsctools', 1, false);


--
-- TOC entry 3468 (class 0 OID 0)
-- Dependencies: 263
-- Name: sqscusers; Type: SEQUENCE SET; Schema: dmes; Owner: sipPrueba
--

SELECT pg_catalog.setval('sqscusers', 18, true);


--
-- TOC entry 3469 (class 0 OID 0)
-- Dependencies: 264
-- Name: sqscworkexperience; Type: SEQUENCE SET; Schema: dmes; Owner: sipPrueba
--

SELECT pg_catalog.setval('sqscworkexperience', 9, true);


--
-- TOC entry 3470 (class 0 OID 0)
-- Dependencies: 265
-- Name: sqtype; Type: SEQUENCE SET; Schema: dmes; Owner: sipPrueba
--

SELECT pg_catalog.setval('sqtype', 1, false);


--
-- TOC entry 3060 (class 2606 OID 20583)
-- Name: PK_DISTRIBUTION_UNIT; Type: CONSTRAINT; Schema: dmes; Owner: sipPrueba; Tablespace: 
--

ALTER TABLE ONLY sc_distribution_unit
    ADD CONSTRAINT "PK_DISTRIBUTION_UNIT" PRIMARY KEY (id_distribution_unit);


--
-- TOC entry 3068 (class 2606 OID 20585)
-- Name: PK_INPUT_DIMENSION; Type: CONSTRAINT; Schema: dmes; Owner: sipPrueba; Tablespace: 
--

ALTER TABLE ONLY sc_input_dimension
    ADD CONSTRAINT "PK_INPUT_DIMENSION" PRIMARY KEY (id_input_dimension);


--
-- TOC entry 3072 (class 2606 OID 20587)
-- Name: PK_INPUT_EQUIVALENCES; Type: CONSTRAINT; Schema: dmes; Owner: sipPrueba; Tablespace: 
--

ALTER TABLE ONLY sc_input_equivalence
    ADD CONSTRAINT "PK_INPUT_EQUIVALENCES" PRIMARY KEY (id_input_equivalence);


--
-- TOC entry 3080 (class 2606 OID 20589)
-- Name: PK_INPUT_LOCATION; Type: CONSTRAINT; Schema: dmes; Owner: sipPrueba; Tablespace: 
--

ALTER TABLE ONLY sc_location
    ADD CONSTRAINT "PK_INPUT_LOCATION" PRIMARY KEY (id_location);


--
-- TOC entry 3144 (class 2606 OID 20591)
-- Name: PK_INPUT_STOCK; Type: CONSTRAINT; Schema: dmes; Owner: sipPrueba; Tablespace: 
--

ALTER TABLE ONLY sc_stock
    ADD CONSTRAINT "PK_INPUT_STOCK" PRIMARY KEY (id_stock);


--
-- TOC entry 3122 (class 2606 OID 20593)
-- Name: PK_PROCESS_ATTACHED; Type: CONSTRAINT; Schema: dmes; Owner: sipPrueba; Tablespace: 
--

ALTER TABLE ONLY sc_process_attached
    ADD CONSTRAINT "PK_PROCESS_ATTACHED" PRIMARY KEY (id_process_attached);


--
-- TOC entry 3124 (class 2606 OID 20595)
-- Name: PK_PROCESS_EMPLOYEE; Type: CONSTRAINT; Schema: dmes; Owner: sipPrueba; Tablespace: 
--

ALTER TABLE ONLY sc_process_employee
    ADD CONSTRAINT "PK_PROCESS_EMPLOYEE" PRIMARY KEY (id_process_employee);


--
-- TOC entry 3126 (class 2606 OID 20597)
-- Name: PK_PROCESS_INPUT; Type: CONSTRAINT; Schema: dmes; Owner: sipPrueba; Tablespace: 
--

ALTER TABLE ONLY sc_process_input
    ADD CONSTRAINT "PK_PROCESS_INPUT" PRIMARY KEY (id_process_input);


--
-- TOC entry 3120 (class 2606 OID 20599)
-- Name: PK_PROCESS_PRODUCT; Type: CONSTRAINT; Schema: dmes; Owner: sipPrueba; Tablespace: 
--

ALTER TABLE ONLY sc_procces_product
    ADD CONSTRAINT "PK_PROCESS_PRODUCT" PRIMARY KEY (id_process_product);


--
-- TOC entry 3130 (class 2606 OID 20601)
-- Name: PK_PROCESS_TYPE; Type: CONSTRAINT; Schema: dmes; Owner: sipPrueba; Tablespace: 
--

ALTER TABLE ONLY sc_process_type
    ADD CONSTRAINT "PK_PROCESS_TYPE" PRIMARY KEY (id_process_type);


--
-- TOC entry 3132 (class 2606 OID 20603)
-- Name: PK_PRODUCT_ATTACHED; Type: CONSTRAINT; Schema: dmes; Owner: sipPrueba; Tablespace: 
--

ALTER TABLE ONLY sc_product_attached
    ADD CONSTRAINT "PK_PRODUCT_ATTACHED" PRIMARY KEY (id_product_attached);


--
-- TOC entry 3056 (class 2606 OID 20605)
-- Name: PK_SC_CONSTANTS_LOAD_FILES; Type: CONSTRAINT; Schema: dmes; Owner: sipPrueba; Tablespace: 
--

ALTER TABLE ONLY sc_constants_load_files
    ADD CONSTRAINT "PK_SC_CONSTANTS_LOAD_FILES" PRIMARY KEY (id_constants_load_file);


--
-- TOC entry 3066 (class 2606 OID 20607)
-- Name: PK_SC_INPUT; Type: CONSTRAINT; Schema: dmes; Owner: sipPrueba; Tablespace: 
--

ALTER TABLE ONLY sc_input
    ADD CONSTRAINT "PK_SC_INPUT" PRIMARY KEY (id_input);


--
-- TOC entry 3070 (class 2606 OID 20609)
-- Name: PK_SC_INPUT_DOCUMENTS; Type: CONSTRAINT; Schema: dmes; Owner: sipPrueba; Tablespace: 
--

ALTER TABLE ONLY sc_input_documents
    ADD CONSTRAINT "PK_SC_INPUT_DOCUMENTS" PRIMARY KEY (id_input_documents);


--
-- TOC entry 3074 (class 2606 OID 20611)
-- Name: PK_SC_INPUT_FEATURES; Type: CONSTRAINT; Schema: dmes; Owner: sipPrueba; Tablespace: 
--

ALTER TABLE ONLY sc_input_feactures
    ADD CONSTRAINT "PK_SC_INPUT_FEATURES" PRIMARY KEY (id_input_feactures);


--
-- TOC entry 3076 (class 2606 OID 20613)
-- Name: PK_SC_INPUT_OBSERVATIONS; Type: CONSTRAINT; Schema: dmes; Owner: sipPrueba; Tablespace: 
--

ALTER TABLE ONLY sc_input_observations
    ADD CONSTRAINT "PK_SC_INPUT_OBSERVATIONS" PRIMARY KEY (id_input_observation);


--
-- TOC entry 3078 (class 2606 OID 20615)
-- Name: PK_SC_INPUT_SPECIFICATIONS; Type: CONSTRAINT; Schema: dmes; Owner: sipPrueba; Tablespace: 
--

ALTER TABLE ONLY sc_input_specifications
    ADD CONSTRAINT "PK_SC_INPUT_SPECIFICATIONS" PRIMARY KEY (id_input_specifications);


--
-- TOC entry 3096 (class 2606 OID 20617)
-- Name: PK_SC_M0NEY; Type: CONSTRAINT; Schema: dmes; Owner: sipPrueba; Tablespace: 
--

ALTER TABLE ONLY sc_money
    ADD CONSTRAINT "PK_SC_M0NEY" PRIMARY KEY (id_money);


--
-- TOC entry 3082 (class 2606 OID 20619)
-- Name: PK_SC_MACHINE; Type: CONSTRAINT; Schema: dmes; Owner: sipPrueba; Tablespace: 
--

ALTER TABLE ONLY sc_machine
    ADD CONSTRAINT "PK_SC_MACHINE" PRIMARY KEY (id_machine);


--
-- TOC entry 3088 (class 2606 OID 20621)
-- Name: PK_SC_MEASURE; Type: CONSTRAINT; Schema: dmes; Owner: sipPrueba; Tablespace: 
--

ALTER TABLE ONLY sc_measure_unit
    ADD CONSTRAINT "PK_SC_MEASURE" PRIMARY KEY (id_measure);


--
-- TOC entry 3100 (class 2606 OID 20623)
-- Name: PK_SC_PACKING; Type: CONSTRAINT; Schema: dmes; Owner: sipPrueba; Tablespace: 
--

ALTER TABLE ONLY sc_packing_unit
    ADD CONSTRAINT "PK_SC_PACKING" PRIMARY KEY (id_packing);


--
-- TOC entry 3118 (class 2606 OID 20625)
-- Name: PK_SC_PRIORITY; Type: CONSTRAINT; Schema: dmes; Owner: sipPrueba; Tablespace: 
--

ALTER TABLE ONLY sc_priority
    ADD CONSTRAINT "PK_SC_PRIORITY" PRIMARY KEY (id_priority);


--
-- TOC entry 3128 (class 2606 OID 20627)
-- Name: PK_SC_PROCESS_MACHINE; Type: CONSTRAINT; Schema: dmes; Owner: sipPrueba; Tablespace: 
--

ALTER TABLE ONLY sc_process_machine
    ADD CONSTRAINT "PK_SC_PROCESS_MACHINE" PRIMARY KEY (id_process_machine);


--
-- TOC entry 3134 (class 2606 OID 20629)
-- Name: PK_SC_PRODUCT_DOCUMENTS; Type: CONSTRAINT; Schema: dmes; Owner: sipPrueba; Tablespace: 
--

ALTER TABLE ONLY sc_product_documents
    ADD CONSTRAINT "PK_SC_PRODUCT_DOCUMENTS" PRIMARY KEY (id_product_documents);


--
-- TOC entry 3136 (class 2606 OID 20631)
-- Name: PK_SC_PRODUCT_FORMULATION; Type: CONSTRAINT; Schema: dmes; Owner: sipPrueba; Tablespace: 
--

ALTER TABLE ONLY sc_product_formulation
    ADD CONSTRAINT "PK_SC_PRODUCT_FORMULATION" PRIMARY KEY (id_product_formulation);


--
-- TOC entry 3146 (class 2606 OID 20633)
-- Name: PK_SC_STORE; Type: CONSTRAINT; Schema: dmes; Owner: sipPrueba; Tablespace: 
--

ALTER TABLE ONLY sc_store
    ADD CONSTRAINT "PK_SC_STORE" PRIMARY KEY (id_store);


--
-- TOC entry 3106 (class 2606 OID 20635)
-- Name: UK_IDENTIFICATION; Type: CONSTRAINT; Schema: dmes; Owner: sipPrueba; Tablespace: 
--

ALTER TABLE ONLY sc_person
    ADD CONSTRAINT "UK_IDENTIFICATION" UNIQUE (identification);


--
-- TOC entry 3138 (class 2606 OID 20637)
-- Name: UK_ROLENAME; Type: CONSTRAINT; Schema: dmes; Owner: sipPrueba; Tablespace: 
--

ALTER TABLE ONLY sc_roles
    ADD CONSTRAINT "UK_ROLENAME" UNIQUE (name);


--
-- TOC entry 3092 (class 2606 OID 20639)
-- Name: UK_SC_ROLES_SC_MODULE_PERMISSION; Type: CONSTRAINT; Schema: dmes; Owner: sipPrueba; Tablespace: 
--

ALTER TABLE ONLY sc_module_permission_by_role
    ADD CONSTRAINT "UK_SC_ROLES_SC_MODULE_PERMISSION" UNIQUE (id_role, id_module_permission);


--
-- TOC entry 3152 (class 2606 OID 20641)
-- Name: UK_USERNAME; Type: CONSTRAINT; Schema: dmes; Owner: sipPrueba; Tablespace: 
--

ALTER TABLE ONLY sc_users
    ADD CONSTRAINT "UK_USERNAME" UNIQUE (login);


--
-- TOC entry 3052 (class 2606 OID 20643)
-- Name: pk_class_type; Type: CONSTRAINT; Schema: dmes; Owner: sipPrueba; Tablespace: 
--

ALTER TABLE ONLY sc_class_type
    ADD CONSTRAINT pk_class_type PRIMARY KEY (id_class_type);


--
-- TOC entry 3054 (class 2606 OID 20645)
-- Name: pk_competencies; Type: CONSTRAINT; Schema: dmes; Owner: sipPrueba; Tablespace: 
--

ALTER TABLE ONLY sc_competencies
    ADD CONSTRAINT pk_competencies PRIMARY KEY (id_competencies);


--
-- TOC entry 3058 (class 2606 OID 20647)
-- Name: pk_cost_center; Type: CONSTRAINT; Schema: dmes; Owner: sipPrueba; Tablespace: 
--

ALTER TABLE ONLY sc_cost_center
    ADD CONSTRAINT pk_cost_center PRIMARY KEY (id_cost_center);


--
-- TOC entry 3062 (class 2606 OID 20649)
-- Name: pk_document; Type: CONSTRAINT; Schema: dmes; Owner: sipPrueba; Tablespace: 
--

ALTER TABLE ONLY sc_documents
    ADD CONSTRAINT pk_document PRIMARY KEY (id_document);


--
-- TOC entry 3064 (class 2606 OID 20651)
-- Name: pk_employee; Type: CONSTRAINT; Schema: dmes; Owner: sipPrueba; Tablespace: 
--

ALTER TABLE ONLY sc_employee
    ADD CONSTRAINT pk_employee PRIMARY KEY (id_employee);


--
-- TOC entry 3084 (class 2606 OID 20653)
-- Name: pk_mails; Type: CONSTRAINT; Schema: dmes; Owner: sipPrueba; Tablespace: 
--

ALTER TABLE ONLY sc_mails
    ADD CONSTRAINT pk_mails PRIMARY KEY (id_mail);


--
-- TOC entry 3086 (class 2606 OID 20655)
-- Name: pk_maintenance_plan; Type: CONSTRAINT; Schema: dmes; Owner: sipPrueba; Tablespace: 
--

ALTER TABLE ONLY sc_maintenance_plan
    ADD CONSTRAINT pk_maintenance_plan PRIMARY KEY (id_maintenance_plan);


--
-- TOC entry 3094 (class 2606 OID 20657)
-- Name: pk_module_permission_by_role; Type: CONSTRAINT; Schema: dmes; Owner: sipPrueba; Tablespace: 
--

ALTER TABLE ONLY sc_module_permission_by_role
    ADD CONSTRAINT pk_module_permission_by_role PRIMARY KEY (id_module_permission_by_role);


--
-- TOC entry 3098 (class 2606 OID 20659)
-- Name: pk_operatin_condition; Type: CONSTRAINT; Schema: dmes; Owner: sipPrueba; Tablespace: 
--

ALTER TABLE ONLY sc_operating_conditions
    ADD CONSTRAINT pk_operatin_condition PRIMARY KEY (id_operating_condition);


--
-- TOC entry 3102 (class 2606 OID 20661)
-- Name: pk_partner; Type: CONSTRAINT; Schema: dmes; Owner: sipPrueba; Tablespace: 
--

ALTER TABLE ONLY sc_partner
    ADD CONSTRAINT pk_partner PRIMARY KEY (id_partner);


--
-- TOC entry 3104 (class 2606 OID 20663)
-- Name: pk_parts_and_consumables; Type: CONSTRAINT; Schema: dmes; Owner: sipPrueba; Tablespace: 
--

ALTER TABLE ONLY sc_parts_and_consumables
    ADD CONSTRAINT pk_parts_and_consumables PRIMARY KEY (id_parts_and_consumables);


--
-- TOC entry 3108 (class 2606 OID 20665)
-- Name: pk_person; Type: CONSTRAINT; Schema: dmes; Owner: sipPrueba; Tablespace: 
--

ALTER TABLE ONLY sc_person
    ADD CONSTRAINT pk_person PRIMARY KEY (id_person);


--
-- TOC entry 3110 (class 2606 OID 20667)
-- Name: pk_person_observations; Type: CONSTRAINT; Schema: dmes; Owner: sipPrueba; Tablespace: 
--

ALTER TABLE ONLY sc_person_observations
    ADD CONSTRAINT pk_person_observations PRIMARY KEY (id_person_observations);


--
-- TOC entry 3112 (class 2606 OID 20669)
-- Name: pk_person_specifications; Type: CONSTRAINT; Schema: dmes; Owner: sipPrueba; Tablespace: 
--

ALTER TABLE ONLY sc_person_specifications
    ADD CONSTRAINT pk_person_specifications PRIMARY KEY (id_person_specifications);


--
-- TOC entry 3114 (class 2606 OID 20671)
-- Name: pk_phones; Type: CONSTRAINT; Schema: dmes; Owner: sipPrueba; Tablespace: 
--

ALTER TABLE ONLY sc_phones
    ADD CONSTRAINT pk_phones PRIMARY KEY (id_phone);


--
-- TOC entry 3116 (class 2606 OID 20673)
-- Name: pk_photo; Type: CONSTRAINT; Schema: dmes; Owner: sipPrueba; Tablespace: 
--

ALTER TABLE ONLY sc_photo
    ADD CONSTRAINT pk_photo PRIMARY KEY (id_photo);


--
-- TOC entry 3090 (class 2606 OID 20675)
-- Name: pk_sc_module_permission; Type: CONSTRAINT; Schema: dmes; Owner: sipPrueba; Tablespace: 
--

ALTER TABLE ONLY sc_module_permission
    ADD CONSTRAINT pk_sc_module_permission PRIMARY KEY (id_module_permission);


--
-- TOC entry 3140 (class 2606 OID 20677)
-- Name: pk_sc_roles; Type: CONSTRAINT; Schema: dmes; Owner: sipPrueba; Tablespace: 
--

ALTER TABLE ONLY sc_roles
    ADD CONSTRAINT pk_sc_roles PRIMARY KEY (id_role);


--
-- TOC entry 3142 (class 2606 OID 20679)
-- Name: pk_service_or_product; Type: CONSTRAINT; Schema: dmes; Owner: sipPrueba; Tablespace: 
--

ALTER TABLE ONLY sc_services_or_products
    ADD CONSTRAINT pk_service_or_product PRIMARY KEY (id_service_or_products);


--
-- TOC entry 3148 (class 2606 OID 20681)
-- Name: pk_tool; Type: CONSTRAINT; Schema: dmes; Owner: sipPrueba; Tablespace: 
--

ALTER TABLE ONLY sc_tools
    ADD CONSTRAINT pk_tool PRIMARY KEY (id_tool);


--
-- TOC entry 3150 (class 2606 OID 20683)
-- Name: pk_type; Type: CONSTRAINT; Schema: dmes; Owner: sipPrueba; Tablespace: 
--

ALTER TABLE ONLY sc_type
    ADD CONSTRAINT pk_type PRIMARY KEY (id_type);


--
-- TOC entry 3154 (class 2606 OID 20685)
-- Name: pk_users; Type: CONSTRAINT; Schema: dmes; Owner: sipPrueba; Tablespace: 
--

ALTER TABLE ONLY sc_users
    ADD CONSTRAINT pk_users PRIMARY KEY (id_user);


--
-- TOC entry 3156 (class 2606 OID 20687)
-- Name: pk_work_experience; Type: CONSTRAINT; Schema: dmes; Owner: sipPrueba; Tablespace: 
--

ALTER TABLE ONLY sc_work_experience
    ADD CONSTRAINT pk_work_experience PRIMARY KEY (id_work_experience);


--
-- TOC entry 3160 (class 2606 OID 20688)
-- Name: FK_CENTER_COST_INPUT; Type: FK CONSTRAINT; Schema: dmes; Owner: sipPrueba
--

ALTER TABLE ONLY sc_input
    ADD CONSTRAINT "FK_CENTER_COST_INPUT" FOREIGN KEY (cost_center) REFERENCES sc_cost_center(id_cost_center);


--
-- TOC entry 3170 (class 2606 OID 20693)
-- Name: FK_INPUT_EQUIVALENCE; Type: FK CONSTRAINT; Schema: dmes; Owner: sipPrueba
--

ALTER TABLE ONLY sc_input_equivalence
    ADD CONSTRAINT "FK_INPUT_EQUIVALENCE" FOREIGN KEY (id_input) REFERENCES sc_input(id_input);


--
-- TOC entry 3171 (class 2606 OID 20698)
-- Name: FK_INPUT_FEACTURES; Type: FK CONSTRAINT; Schema: dmes; Owner: sipPrueba
--

ALTER TABLE ONLY sc_input_feactures
    ADD CONSTRAINT "FK_INPUT_FEACTURES" FOREIGN KEY (id_input) REFERENCES sc_input(id_input);


--
-- TOC entry 3172 (class 2606 OID 20703)
-- Name: FK_INPUT_OBSERVATIONS; Type: FK CONSTRAINT; Schema: dmes; Owner: sipPrueba
--

ALTER TABLE ONLY sc_input_observations
    ADD CONSTRAINT "FK_INPUT_OBSERVATIONS" FOREIGN KEY (id_input) REFERENCES sc_input(id_input);


--
-- TOC entry 3173 (class 2606 OID 20708)
-- Name: FK_INPUT_SPECIFICATIONS; Type: FK CONSTRAINT; Schema: dmes; Owner: sipPrueba
--

ALTER TABLE ONLY sc_input_specifications
    ADD CONSTRAINT "FK_INPUT_SPECIFICATIONS" FOREIGN KEY (id_input) REFERENCES sc_input(id_input);


--
-- TOC entry 3207 (class 2606 OID 20713)
-- Name: FK_INPUT_STOCK_STORE; Type: FK CONSTRAINT; Schema: dmes; Owner: sipPrueba
--

ALTER TABLE ONLY sc_stock
    ADD CONSTRAINT "FK_INPUT_STOCK_STORE" FOREIGN KEY (id_store) REFERENCES sc_store(id_store);


--
-- TOC entry 3174 (class 2606 OID 20718)
-- Name: FK_LOCATION_STORE; Type: FK CONSTRAINT; Schema: dmes; Owner: sipPrueba
--

ALTER TABLE ONLY sc_location
    ADD CONSTRAINT "FK_LOCATION_STORE" FOREIGN KEY (id_store) REFERENCES sc_store(id_store);


--
-- TOC entry 3192 (class 2606 OID 20723)
-- Name: FK_PROCESS_EMPLOYEE_EMPLOYEE; Type: FK CONSTRAINT; Schema: dmes; Owner: sipPrueba
--

ALTER TABLE ONLY sc_process_employee
    ADD CONSTRAINT "FK_PROCESS_EMPLOYEE_EMPLOYEE" FOREIGN KEY (id_employee) REFERENCES sc_employee(id_employee);


--
-- TOC entry 3193 (class 2606 OID 20728)
-- Name: FK_PROCESS_EMPLOYEE_PROCESS; Type: FK CONSTRAINT; Schema: dmes; Owner: sipPrueba
--

ALTER TABLE ONLY sc_process_employee
    ADD CONSTRAINT "FK_PROCESS_EMPLOYEE_PROCESS" FOREIGN KEY (id_process) REFERENCES sc_procces_product(id_process_product);


--
-- TOC entry 3194 (class 2606 OID 20733)
-- Name: FK_PROCESS_INPUT_INPUT; Type: FK CONSTRAINT; Schema: dmes; Owner: sipPrueba
--

ALTER TABLE ONLY sc_process_input
    ADD CONSTRAINT "FK_PROCESS_INPUT_INPUT" FOREIGN KEY (id_input) REFERENCES sc_input(id_input);


--
-- TOC entry 3195 (class 2606 OID 20738)
-- Name: FK_PROCESS_INPUT_PROCESS; Type: FK CONSTRAINT; Schema: dmes; Owner: sipPrueba
--

ALTER TABLE ONLY sc_process_input
    ADD CONSTRAINT "FK_PROCESS_INPUT_PROCESS" FOREIGN KEY (id_process) REFERENCES sc_procces_product(id_process_product);


--
-- TOC entry 3196 (class 2606 OID 20743)
-- Name: FK_PROCESS_MACHINE_MACHINE; Type: FK CONSTRAINT; Schema: dmes; Owner: sipPrueba
--

ALTER TABLE ONLY sc_process_machine
    ADD CONSTRAINT "FK_PROCESS_MACHINE_MACHINE" FOREIGN KEY (id_machine) REFERENCES sc_machine(id_machine);


--
-- TOC entry 3197 (class 2606 OID 20748)
-- Name: FK_PROCESS_PROCESS_MACHINE; Type: FK CONSTRAINT; Schema: dmes; Owner: sipPrueba
--

ALTER TABLE ONLY sc_process_machine
    ADD CONSTRAINT "FK_PROCESS_PROCESS_MACHINE" FOREIGN KEY (id_process) REFERENCES sc_procces_product(id_process_product);


--
-- TOC entry 3190 (class 2606 OID 20753)
-- Name: FK_PROCESS_PROCESS_TYPE; Type: FK CONSTRAINT; Schema: dmes; Owner: sipPrueba
--

ALTER TABLE ONLY sc_procces_product
    ADD CONSTRAINT "FK_PROCESS_PROCESS_TYPE" FOREIGN KEY (id_process_type) REFERENCES sc_process_type(id_process_type);


--
-- TOC entry 3191 (class 2606 OID 20758)
-- Name: FK_PROCESS_PRODUCT_FORMULATION; Type: FK CONSTRAINT; Schema: dmes; Owner: sipPrueba
--

ALTER TABLE ONLY sc_procces_product
    ADD CONSTRAINT "FK_PROCESS_PRODUCT_FORMULATION" FOREIGN KEY (id_product_formulation) REFERENCES sc_product_formulation(id_product_formulation);


--
-- TOC entry 3200 (class 2606 OID 20763)
-- Name: FK_PRODUCT_DIMENSION; Type: FK CONSTRAINT; Schema: dmes; Owner: sipPrueba
--

ALTER TABLE ONLY sc_product_formulation
    ADD CONSTRAINT "FK_PRODUCT_DIMENSION" FOREIGN KEY (id_product_dimension) REFERENCES sc_input_dimension(id_input_dimension);


--
-- TOC entry 3198 (class 2606 OID 20768)
-- Name: FK_PRODUCT_FORMULATION_ATTACHED; Type: FK CONSTRAINT; Schema: dmes; Owner: sipPrueba
--

ALTER TABLE ONLY sc_product_attached
    ADD CONSTRAINT "FK_PRODUCT_FORMULATION_ATTACHED" FOREIGN KEY (id_product_formulation) REFERENCES sc_product_formulation(id_product_formulation);


--
-- TOC entry 3201 (class 2606 OID 20773)
-- Name: FK_PRODUCT_FORMULATION_COST_CENTER; Type: FK CONSTRAINT; Schema: dmes; Owner: sipPrueba
--

ALTER TABLE ONLY sc_product_formulation
    ADD CONSTRAINT "FK_PRODUCT_FORMULATION_COST_CENTER" FOREIGN KEY (id_cost_center) REFERENCES sc_cost_center(id_cost_center);


--
-- TOC entry 3202 (class 2606 OID 20778)
-- Name: FK_PRODUCT_FORMULATION_MONEY; Type: FK CONSTRAINT; Schema: dmes; Owner: sipPrueba
--

ALTER TABLE ONLY sc_product_formulation
    ADD CONSTRAINT "FK_PRODUCT_FORMULATION_MONEY" FOREIGN KEY (id_money) REFERENCES sc_money(id_money);


--
-- TOC entry 3203 (class 2606 OID 20783)
-- Name: FK_PRODUCT_FORMULATION_PACKING; Type: FK CONSTRAINT; Schema: dmes; Owner: sipPrueba
--

ALTER TABLE ONLY sc_product_formulation
    ADD CONSTRAINT "FK_PRODUCT_FORMULATION_PACKING" FOREIGN KEY (id_packing) REFERENCES sc_packing_unit(id_packing);


--
-- TOC entry 3204 (class 2606 OID 20788)
-- Name: FK_PRODUCT_FORMULATION_PARTNER; Type: FK CONSTRAINT; Schema: dmes; Owner: sipPrueba
--

ALTER TABLE ONLY sc_product_formulation
    ADD CONSTRAINT "FK_PRODUCT_FORMULATION_PARTNER" FOREIGN KEY (id_partner) REFERENCES sc_partner(id_partner);


--
-- TOC entry 3205 (class 2606 OID 20793)
-- Name: FK_PRODUCT_FORMULATION_PRIORITY; Type: FK CONSTRAINT; Schema: dmes; Owner: sipPrueba
--

ALTER TABLE ONLY sc_product_formulation
    ADD CONSTRAINT "FK_PRODUCT_FORMULATION_PRIORITY" FOREIGN KEY (id_priority) REFERENCES sc_priority(id_priority);


--
-- TOC entry 3161 (class 2606 OID 20798)
-- Name: FK_SC_INPUT_DISTRIBUTION_UNIT; Type: FK CONSTRAINT; Schema: dmes; Owner: sipPrueba
--

ALTER TABLE ONLY sc_input
    ADD CONSTRAINT "FK_SC_INPUT_DISTRIBUTION_UNIT" FOREIGN KEY (id_distribution_unit) REFERENCES sc_distribution_unit(id_distribution_unit);


--
-- TOC entry 3169 (class 2606 OID 20803)
-- Name: FK_SC_INPUT_DOCUMENTS_INPUT; Type: FK CONSTRAINT; Schema: dmes; Owner: sipPrueba
--

ALTER TABLE ONLY sc_input_documents
    ADD CONSTRAINT "FK_SC_INPUT_DOCUMENTS_INPUT" FOREIGN KEY (id_input) REFERENCES sc_input(id_input);


--
-- TOC entry 3162 (class 2606 OID 20808)
-- Name: FK_SC_INPUT_LOCATION; Type: FK CONSTRAINT; Schema: dmes; Owner: sipPrueba
--

ALTER TABLE ONLY sc_input
    ADD CONSTRAINT "FK_SC_INPUT_LOCATION" FOREIGN KEY (id_location) REFERENCES sc_location(id_location);


--
-- TOC entry 3163 (class 2606 OID 20813)
-- Name: FK_SC_INPUT_MONEY; Type: FK CONSTRAINT; Schema: dmes; Owner: sipPrueba
--

ALTER TABLE ONLY sc_input
    ADD CONSTRAINT "FK_SC_INPUT_MONEY" FOREIGN KEY (id_money) REFERENCES sc_money(id_money);


--
-- TOC entry 3164 (class 2606 OID 20818)
-- Name: FK_SC_INPUT_PACKING_UNIT; Type: FK CONSTRAINT; Schema: dmes; Owner: sipPrueba
--

ALTER TABLE ONLY sc_input
    ADD CONSTRAINT "FK_SC_INPUT_PACKING_UNIT" FOREIGN KEY (id_packing) REFERENCES sc_packing_unit(id_packing);


--
-- TOC entry 3165 (class 2606 OID 20823)
-- Name: FK_SC_INPUT_SC_DIMENSION; Type: FK CONSTRAINT; Schema: dmes; Owner: sipPrueba
--

ALTER TABLE ONLY sc_input
    ADD CONSTRAINT "FK_SC_INPUT_SC_DIMENSION" FOREIGN KEY (id_input_dimension) REFERENCES sc_input_dimension(id_input_dimension);


--
-- TOC entry 3166 (class 2606 OID 20828)
-- Name: FK_SC_INPUT_SC_PRIORITY; Type: FK CONSTRAINT; Schema: dmes; Owner: sipPrueba
--

ALTER TABLE ONLY sc_input
    ADD CONSTRAINT "FK_SC_INPUT_SC_PRIORITY" FOREIGN KEY (id_priority) REFERENCES sc_priority(id_priority);


--
-- TOC entry 3167 (class 2606 OID 20833)
-- Name: FK_SC_INPUT_STOCK; Type: FK CONSTRAINT; Schema: dmes; Owner: sipPrueba
--

ALTER TABLE ONLY sc_input
    ADD CONSTRAINT "FK_SC_INPUT_STOCK" FOREIGN KEY (id_stock) REFERENCES sc_stock(id_stock);


--
-- TOC entry 3199 (class 2606 OID 20838)
-- Name: FK_SC_PRODUCT_DOCUMENTS_INPUT; Type: FK CONSTRAINT; Schema: dmes; Owner: sipPrueba
--

ALTER TABLE ONLY sc_product_documents
    ADD CONSTRAINT "FK_SC_PRODUCT_DOCUMENTS_INPUT" FOREIGN KEY (id_product_formulation) REFERENCES sc_product_formulation(id_product_formulation);


--
-- TOC entry 3168 (class 2606 OID 20843)
-- Name: FK_SUPPLIER_PARTNERS; Type: FK CONSTRAINT; Schema: dmes; Owner: sipPrueba
--

ALTER TABLE ONLY sc_input
    ADD CONSTRAINT "FK_SUPPLIER_PARTNERS" FOREIGN KEY (supplier_guarantee) REFERENCES sc_partner(id_partner);


--
-- TOC entry 3159 (class 2606 OID 20848)
-- Name: fk_employee_person; Type: FK CONSTRAINT; Schema: dmes; Owner: sipPrueba
--

ALTER TABLE ONLY sc_employee
    ADD CONSTRAINT fk_employee_person FOREIGN KEY (id_person) REFERENCES sc_person(id_person);


--
-- TOC entry 3175 (class 2606 OID 20853)
-- Name: fk_mails_person; Type: FK CONSTRAINT; Schema: dmes; Owner: sipPrueba
--

ALTER TABLE ONLY sc_mails
    ADD CONSTRAINT fk_mails_person FOREIGN KEY (id_person) REFERENCES sc_person(id_person);


--
-- TOC entry 3183 (class 2606 OID 20858)
-- Name: fk_module_permission; Type: FK CONSTRAINT; Schema: dmes; Owner: sipPrueba
--

ALTER TABLE ONLY sc_module_permission_by_role
    ADD CONSTRAINT fk_module_permission FOREIGN KEY (id_module_permission) REFERENCES sc_module_permission(id_module_permission);


--
-- TOC entry 3184 (class 2606 OID 20863)
-- Name: fk_module_permission_by_role_for_role; Type: FK CONSTRAINT; Schema: dmes; Owner: sipPrueba
--

ALTER TABLE ONLY sc_module_permission_by_role
    ADD CONSTRAINT fk_module_permission_by_role_for_role FOREIGN KEY (id_role) REFERENCES sc_roles(id_role);


--
-- TOC entry 3185 (class 2606 OID 20868)
-- Name: fk_partner_person; Type: FK CONSTRAINT; Schema: dmes; Owner: sipPrueba
--

ALTER TABLE ONLY sc_partner
    ADD CONSTRAINT fk_partner_person FOREIGN KEY (id_person) REFERENCES sc_person(id_person);


--
-- TOC entry 3176 (class 2606 OID 20873)
-- Name: fk_parts_and_consumables; Type: FK CONSTRAINT; Schema: dmes; Owner: sipPrueba
--

ALTER TABLE ONLY sc_maintenance_plan
    ADD CONSTRAINT fk_parts_and_consumables FOREIGN KEY (id_parts_and_consumables) REFERENCES sc_parts_and_consumables(id_parts_and_consumables);


--
-- TOC entry 3210 (class 2606 OID 20878)
-- Name: fk_person; Type: FK CONSTRAINT; Schema: dmes; Owner: sipPrueba
--

ALTER TABLE ONLY sc_users
    ADD CONSTRAINT fk_person FOREIGN KEY (id_person) REFERENCES sc_person(id_person);


--
-- TOC entry 3187 (class 2606 OID 20883)
-- Name: fk_person_observation_for_person; Type: FK CONSTRAINT; Schema: dmes; Owner: sipPrueba
--

ALTER TABLE ONLY sc_person_observations
    ADD CONSTRAINT fk_person_observation_for_person FOREIGN KEY (id_person) REFERENCES sc_person(id_person);


--
-- TOC entry 3188 (class 2606 OID 20888)
-- Name: fk_person_specifications_for_person; Type: FK CONSTRAINT; Schema: dmes; Owner: sipPrueba
--

ALTER TABLE ONLY sc_person_specifications
    ADD CONSTRAINT fk_person_specifications_for_person FOREIGN KEY (id_person) REFERENCES sc_person(id_person);


--
-- TOC entry 3189 (class 2606 OID 20893)
-- Name: fk_phones_person; Type: FK CONSTRAINT; Schema: dmes; Owner: sipPrueba
--

ALTER TABLE ONLY sc_phones
    ADD CONSTRAINT fk_phones_person FOREIGN KEY (id_person) REFERENCES sc_person(id_person);


--
-- TOC entry 3211 (class 2606 OID 20898)
-- Name: fk_role; Type: FK CONSTRAINT; Schema: dmes; Owner: sipPrueba
--

ALTER TABLE ONLY sc_users
    ADD CONSTRAINT fk_role FOREIGN KEY (id_role) REFERENCES sc_roles(id_role);


--
-- TOC entry 3158 (class 2606 OID 20903)
-- Name: fk_sc_person_to_sc_documents; Type: FK CONSTRAINT; Schema: dmes; Owner: sipPrueba
--

ALTER TABLE ONLY sc_documents
    ADD CONSTRAINT fk_sc_person_to_sc_documents FOREIGN KEY (id_person) REFERENCES sc_person(id_person);


--
-- TOC entry 3206 (class 2606 OID 20908)
-- Name: fk_service_or_product_partner; Type: FK CONSTRAINT; Schema: dmes; Owner: sipPrueba
--

ALTER TABLE ONLY sc_services_or_products
    ADD CONSTRAINT fk_service_or_product_partner FOREIGN KEY (id_partner) REFERENCES sc_partner(id_partner);


--
-- TOC entry 3177 (class 2606 OID 20913)
-- Name: fk_tool; Type: FK CONSTRAINT; Schema: dmes; Owner: sipPrueba
--

ALTER TABLE ONLY sc_maintenance_plan
    ADD CONSTRAINT fk_tool FOREIGN KEY (id_tool) REFERENCES sc_tools(id_tool);


--
-- TOC entry 3178 (class 2606 OID 20918)
-- Name: fk_type; Type: FK CONSTRAINT; Schema: dmes; Owner: sipPrueba
--

ALTER TABLE ONLY sc_maintenance_plan
    ADD CONSTRAINT fk_type FOREIGN KEY (id_type_maintenance) REFERENCES sc_type(id_type);


--
-- TOC entry 3208 (class 2606 OID 20923)
-- Name: fk_type; Type: FK CONSTRAINT; Schema: dmes; Owner: sipPrueba
--

ALTER TABLE ONLY sc_tools
    ADD CONSTRAINT fk_type FOREIGN KEY (id_type) REFERENCES sc_type(id_type);


--
-- TOC entry 3186 (class 2606 OID 20928)
-- Name: fk_type; Type: FK CONSTRAINT; Schema: dmes; Owner: sipPrueba
--

ALTER TABLE ONLY sc_parts_and_consumables
    ADD CONSTRAINT fk_type FOREIGN KEY (id_type) REFERENCES sc_type(id_type);


--
-- TOC entry 3179 (class 2606 OID 20933)
-- Name: fk_type2; Type: FK CONSTRAINT; Schema: dmes; Owner: sipPrueba
--

ALTER TABLE ONLY sc_maintenance_plan
    ADD CONSTRAINT fk_type2 FOREIGN KEY (id_type_hand_work_classification) REFERENCES sc_type(id_type);


--
-- TOC entry 3180 (class 2606 OID 20938)
-- Name: fk_type4; Type: FK CONSTRAINT; Schema: dmes; Owner: sipPrueba
--

ALTER TABLE ONLY sc_maintenance_plan
    ADD CONSTRAINT fk_type4 FOREIGN KEY (id_type_frequency) REFERENCES sc_type(id_type);


--
-- TOC entry 3181 (class 2606 OID 20943)
-- Name: fk_type5; Type: FK CONSTRAINT; Schema: dmes; Owner: sipPrueba
--

ALTER TABLE ONLY sc_maintenance_plan
    ADD CONSTRAINT fk_type5 FOREIGN KEY (id_type_downtime) REFERENCES sc_type(id_type);


--
-- TOC entry 3182 (class 2606 OID 20948)
-- Name: fk_type6; Type: FK CONSTRAINT; Schema: dmes; Owner: sipPrueba
--

ALTER TABLE ONLY sc_maintenance_plan
    ADD CONSTRAINT fk_type6 FOREIGN KEY (id_type_unit_unemployment) REFERENCES sc_type(id_type);


--
-- TOC entry 3212 (class 2606 OID 20953)
-- Name: fk_work_experience_employee; Type: FK CONSTRAINT; Schema: dmes; Owner: sipPrueba
--

ALTER TABLE ONLY sc_work_experience
    ADD CONSTRAINT fk_work_experience_employee FOREIGN KEY (id_employee) REFERENCES sc_employee(id_employee);


--
-- TOC entry 3209 (class 2606 OID 20958)
-- Name: id_class_type; Type: FK CONSTRAINT; Schema: dmes; Owner: sipPrueba
--

ALTER TABLE ONLY sc_type
    ADD CONSTRAINT id_class_type FOREIGN KEY (id_class_type) REFERENCES sc_class_type(id_class_type);


--
-- TOC entry 3157 (class 2606 OID 20963)
-- Name: id_competencies_employee; Type: FK CONSTRAINT; Schema: dmes; Owner: sipPrueba
--

ALTER TABLE ONLY sc_competencies
    ADD CONSTRAINT id_competencies_employee FOREIGN KEY (id_employee) REFERENCES sc_employee(id_employee);


-- Completed on 2015-04-18 09:19:24 CEST

--
-- PostgreSQL database dump complete
--

